problem_id,title,A,B,C,D,E,answer,count
13,党的十九大报告提出，要以县处级以上领导干部为重点，在全党开展（）主题教育，用党的创新理论武装头脑，推动全党更加自觉地为实现新时代党的历史使命不懈奋斗。,“不忘初心、牢记使命”,“两学一做”,“三会一课”,"","",A,5
14,在新的历史起点，党的（）报告提出了社会主义建设的两个百年目标，“在中国共产党成立一百年时全面建成小康社会”，“在新中国成立一百年时建成富强民主文明和谐的社会主义现代化国家”。,十六大,十七大,十八大,"","",C,10
15,1957年11月17日，（）在莫斯科向中国留学生说：“世界是你们的，也是我们的，但是归根结底是你们的。你们青年人朝气蓬勃，正在兴旺时期，好像早晨八、九点钟的太阳”。,毛泽东,刘少奇,周恩来,"","",A,6
16,（）是民族进步的灵魂，是一个国家兴旺发达的不竭源泉，也是中华民族最深沉的民族禀赋，正所谓“苟日新，日日新，又日新”。,改革,发展,创新,"","",C,4
17,广大青年要把正确的道德认知、自觉的道德养成、积极的道德实践紧密结合起来，自觉树立和践行（），带头倡导良好社会风气。,社会主义核心价值观,社会主义核心价值体系,社会主义理想,"","",A,3
18,（）是当代大学生完成党和国家赋予的历史使命应该具备的首要的、基础的、方向性的素质，是其他素质的核心、统帅和灵魂。,思想政治道德素质,知识能力素质,身体心理素质,"","",A,5
19,（）主要指当代大学生的处理与自然和社会的关系中应具备的知识、精神要素和实践能力，知识素质是能力素质的基础，能力素质是知识素质的外在表现。,思想政治道德素质,知识能力素质,身体心理素质,"","",B,8
20,著名科学家（）曾说过：“如果工作的目的是为党的事业、人民的利益，就会产生一种强烈的靠近党的欲望，进而自己也就会提出做一名共产党员的要求。”,钱学森,李四光,华罗庚,"","",A,7
21,早在中学读书的时候，就立下了“为中华之崛起而读书”、“志在四方”的人是（）。,毛泽东,蔡和森,周恩来,"","",C,6
22,1920年8月，（）在上海发起成立了中国共产党的第一个早期组织。,李大钊,陈独秀,蔡和森,"","",B,6
23,1920年9月1日，陈独秀在（）发表了《对于时局之我见》一文中，曾称“吾党”为“社会党”，后来才改称为“共产党”。,《每周评论》,《新青年》,《少年中国》,"","",B,1
24,最先在中国提出“中国共产党”这一名称的是（）。,李大钊,陈独秀,蔡和森,"","",C,13
25,（）是当代中国发展进步的根本方向，是全国各族人民的共同理想。,社会主义,共产主义,中国特色社会主义,"","",C,7
26,1840年鸦片战争以后，国际资本主义、帝国主义的势力侵入中国，中国的社会结构由封建社会逐步演变为（）。,资本主义社会,殖民地社会,半殖民地半封建社会,"","",C,4
27,（）领导的辛亥革命，结束了统治中国几千年的君主专制制度，对推动中国社会进步具有重大意义。,康有为,孙中山,陈独秀,"","",B,7
28,（）俄国十月革命的胜利给中国送来了马克思列宁主义，使中国的先进分子找到了救国救民的真理。,1917年,1918年,1919年,"","",A,8
29,（）爆发的五四运动，促进了马克思主义同中国工人运动的结合，为中国共产党的建立作了思想上和干部上的准备。,1917年,1918年,1919年,"","",C,12
30,中国共产党成立于（）。,1919年,1920年,1921年,"","",C,7
31,1921年7月23日，中国国内各地的共产党组织和旅日的党组织共派出13名代表，在（）举行中国共产党第一次全国代表大会。,北京,上海,武汉,"","",B,8
32,中国共产党领导中国人民取得了伟大胜利，使具有（）年文明历史的中华民族全面迈向现代化，让中华文明在现代化进程中焕发出新的蓬勃生机。,2000年,3000年,5000年,"","",C,12
33,经过长期努力，中国特色社会主义进入了（），这是我国发展新的历史方位。,新阶段,新时期,新时代,"","",C,3
35,党的（）报告指出“在改革开放三十多年一以贯之的接力探索中，坚定不移高举中国特色社会主义伟大旗帜，既不走封闭僵化的老路、也不走改旗易帜的邪路。”,十六大,十七大,十八大,"","",C,7
36,中国特色社会主义理论体系不包括（）。,毛泽东思想,邓小平理论,“三个代表”重要思想,"","",A,2
37,作为党的指导思想，毛泽东思想解决的最根本的问题是（）。,什么是新民主主义革命，怎么进行新民主主义革命,什么是社会主义，怎样建设社会主义,建设什么样的党，怎样建设党,"","",A,6
38,作为党的指导思想，邓小平理论解决的最根本的问题是（）。,什么是社会主义，怎样建设社会主义,建设什么样的党，怎样建设党,实现什么样的发展，怎样发展,"","",A,11
39,作为党的指导思想，“三个代表”重要思想解决的最根本的问题是（）。,什么是社会主义，怎样建设社会主义,建设什么样的党，怎样建设党,实现什么样的发展，怎样发展,"","",B,9
40,作为党的指导思想，科学发展观解决的最根本的问题是（）。,什么是社会主义，怎样建设社会主义,建设什么样的党，怎样建设党,实现什么样的发展，怎样发展,"","",C,10
41,（）是党的十八大以来党中央抓党的建设的鲜明主题。,全面深化改革,全面从严治党,全面依法治国,"","",B,7
42,学习贯彻（）精神，必须更加深入地认识和把握全面从严治党，坚定不移地推进全面从严治党。,十八届四中全会,十八届五中全会,十八届六中全会,"","",C,10
43,（）是第一个把《共产党宣言》翻译成中文，把这一著作全文传入中国的人。,蔡和森,陈望道,李大钊,"","",B,7
44,（）是党的根本的组织原则和组织制度，也是党的根本的领导制度和工作制度。,民主集中制,人民民主专政,人民代表大会制度,"","",A,5
45,（），才能始终保证社会主义现代化建设的正确方向。,坚持马克思主义,坚持党的领导,坚持社会主义道路,"","",B,8
46,反对（），重在解决作风飘浮、工作不实，文山会海、表面文章，贪图虚名、弄虚作假等问题。,形式主义,官僚主义,享乐主义,"","",A,5
47,反对（），重在解决脱离实际、脱离群众，消极应付、推诿扯皮，作风霸道，迷恋特权等问题。,形式主义,官僚主义,享乐主义,"","",B,10
48,反对（），重在解决追名逐利、贪图享受，讲究排场、玩物丧志等问题。,官僚主义,享乐主义,奢靡之风,"","",B,5
49,反对（），重在解决铺张浪费、挥霍无度、骄奢淫逸、腐化堕落等问题。,官僚主义,享乐主义,奢靡之风,"","",C,8
50,中国共产党的力量之源和胜利之本是（）。,人民群众,工人阶级,广大共产党员,"","",A,12
51,（）规定了党的最高纲领是实现社会主义、共产主义，最低纲领是消除内乱，打倒军阀，建立国内和平；推翻国际帝国主义的压迫，达到中华民族完全独立；统一中国为真正的民主共和国。,党的一大,党的二大,党的三大,"","",B,9
52,毛泽东在党的七大的报告（）中将新民主主义的政治、经济和文化明确规定为党在新民主主义时期的基本纲领。,《新民主主义论》,《论联合政府》,《论人民民主专政》,"","",B,8
53,（）是我们党执政兴国的第一要务。,改革,发展,稳定,"","",B,7
54,党的（）提出了“创新、协调、绿色、开放、共享”的发展理念。,十八届四中全会,十八届五中全会,十八届六中全会,"","",B,11
55,上海共产主义小组成立后，于1920年11月，制定了（）。该宣言是为全国建党提出的纲领性文件。,《共产党宣言》,《中国共产党宣言》,《共产主义宣言》,"","",B,5
56,（）党的八大通过了社会主义建设的纲领。,1954年,1955年,1956年,"","",C,7
57,《中华人民共和国宪法》是（）通过的。,1954年,1955年,1956年,"","",A,7
58,全党必须毫不动摇坚持以（）为中心，聚精会神抓好发展这个党执政兴国的第一要务，坚持以人民为中心的发展思想，统筹推进“五位一体”总体布局和协调推进“四个全面”战略布局。,政治建设,经济建设,文化建设,"","",B,7
59,全党必须毫不动摇坚持以经济建设为中心，聚精会神抓好发展这个党执政兴国的第一要务，坚持以人民为中心的发展思想，统筹推进（）总体布局和协调推进“四个全面”战略布局。,“三位一体”,“四位一体”,“五位一体”,"","",C,6
60,全党必须毫不动摇坚持以经济建设为中心，聚精会神抓好发展这个党执政兴国的第一要务，坚持以人民为中心的发展思想，统筹推进“五位一体”总体布局和协调推进（）战略布局。,“二个全面”,“三个全面”,“四个全面”,"","",C,11
61,中国共产党成立之初，就郑重地把（）写在自己的旗帜上。,马克思列宁主义,毛泽东思想,“三个代表”重要思想,"","",A,9
62,经过延安整风和党的七大，中国共产党郑重地把马克思列宁主义与中国革命的实践相统一的思想——（）写在自己的旗帜上。,毛泽东思想,邓小平理论,“三个代表”重要思想,"","",A,10
63,十八大报告最大的理论贡献和突出亮点，就是把（）确立为党的指导思想。,科学发展观,邓小平理论,“三个代表”重要思想,"","",A,5
64,（）是马克思主义中国化最新成果。,习近平新时代中国特色社会主义思想,“三个代表”重要思想,科学发展观,"","",A,6
65,发展理念，具体展开为创新、协调、绿色、开放、共享这五大理念。这五大理念中，（）是引领发展的第一动力。,创新,协调,绿色,"","",A,7
66,发展理念，具体展开为创新、协调、绿色、开放、共享这五大理念。这五大理念中，（）是永续发展的必要条件和人民对美好生活追求的重要体现。,创新,协调,绿色,"","",C,9
67,习近平强调，“我们要继承和弘扬联合国宪章的宗旨和原则，构建以（）为核心的新型国际关系，打造人类命运共同体”。,合作共赢,和平发展,公平正义,"","",A,2
68,全面深化改革的总目标，是完善和发展中国特色社会主义制度、推进国家治理体系和治理能力现代化，核心问题是处理好（）的关系。,党和政府,政府和市场,计划和市场,"","",B,8
69,全面推进依法治国的总目标是建设中国特色社会主义法治体系，建设社会主义法治国家，核心问题是正确认识（）的关系。,党和人民,党和法治,党和政府,"","",B,2
70,总体国家安全观的根本是（）。,人民安全,政治安全,经济安全,"","",B,7
71,1920年11月7日，中共上海共产主义小组创办的（）月刊是中国共产党的第一个党刊。,《劳动界》,《劳动者》,《共产党》,"","",C,5
72,邓小平理论是在（）成为当代世界两大主题的历史条件下形成和发展起来的。,战争与革命,改革与开放,和平与发展,"","",C,6
73,科学发展观最鲜明的精神实质是（）。,解放思想,实事求是,求真务实,与时俱进,"","A,B,C,D",26
74,（）是党最根本、最重要的纪律，遵守党的（）是遵守党的全部纪律的基础。,政治纪律,组织纪律,廉洁纪律,"","",A,11
75,党的（）是规范和处理党的各级组织之间、党组织和党员之间以及与党员之间关系的行为规范。,政治纪律,组织纪律,群众纪律,"","",B,12
76,留党察看最长不超过（）。党员在留党察看期间没有表决权、选举权和被选举权。,一年,两年,三年,"","",B,11
77,党内的最高处分是（）。,撤销党内职务,留党察看,开除党籍,"","",C,7
78,申请入党的同志必须是年满（）岁的中国工人、农民、军人、知识分子和其他社会阶层的先进分子。,十六,十七,十八,"","",C,5
79,十九大党章明确规定，如果无正当理由连续（）不交纳党费，就被认为是自行脱党。党的支部大会应当决定把这样的党员除名，并报上级党组织批准。,半年,一年,两年,"","",A,4
80,1944年9月8日，毛泽东在张思德追悼会上发表的（）的著名演讲中指出：“我们这个队伍完全是为着解放人民的，是彻底地为人民的利益工作的”。,《改造我们的学习》,《学习与时局》,《为人民服务》,"","",C,9
81,“贯彻‘三个代表’重要思想，关键在坚持（），核心在坚持党的先进性，本质在坚持执政为民。”,解放思想,实事求是,与时俱进,"","",C,3
82,党员权利是党内民主的体现，同党员义务一样，它也是由党章规定的，非经党的（）同意，不能随意变动。,地方党委会,中央委员会,全国代表大会,"","",C,2
83,党员的先进性，党员与一般群众的根本区别，就在于党员具有高度的（）。,组织纪律性,历史使命感与责任感,共产主义觉悟,全心全意为人民服务的品质,"",C,13
84,共产党员要始终做到个人利益服从（）。,单位利益,部门利益,党和人民利益,"","",C,11
85,在党的会议上，所有参加会议有表决权的正式党员，（）。,只能投赞成票,或投赞成票，或投反对票,既可投赞成票，也可投反对票，还可投弃权票。,"","",C,13
86,大学生入党积极分子，应自觉接受培养教育，并经过（）的支部考察，经党支部推荐，可发展为预备党员。,半年,一年,两年,"","",B,6
87,党组织收到入党申请书，应当在（）内派人同入党申请人谈话，了解基本情况。,一个月,两个月,三个月,"","",A,7
88,积极要求进步的大学生在提交入党申请书满（）之后，若在各方面表现突出，便将被党组织确定为重点培养对象，即发展对象。,半年,一年,一年半,"","",B,2
89,按照中国共产党的有关规定，基层党委或县级党委组织部门应当对发展对象进行短期集中培训。培训时间一般不少于（）。没有经过短期集中培训，或者成绩不合格者，不能发展为预备党员。,三天,十天,十五天,"","",A,5
90,十九大党章规定：预备党员的预备期为（）。预备期是党组织对预备党员进一步教育考察的重要时期，而且又关系到党员的党龄，关系到党员的政治生命。,半年,一年,两年,"","",B,4
91,大学生预备党员经过（）的教育考察，由本人提交预备党员转正申请书，经党支部大会讨论、党委审核通过后便可转为正式党员。,半年,一年,两年,"","",B,9
92,预备党员在预备期满前（）时间左右，应主动向党组织提出转正申请，把自己在预备期期间的表现和优缺点向党支部作出比较系统、全面的书面汇报。,一个月,两个月,三个月,"","",A,8
93,预备党员如果超过预备期（）才提出转正申请的，需加写一份《延迟申请转正说明》，实事求是地写明延迟原因，并由本人签名。,一个月,两个月,三个月,"","",C,3
94,预备党员应在预备期满前一个月，由本人提出转正申请；对预备期满后不完全具备条件或犯有一定的错误，但还没有完全丧失预备党员条件，并且本人决心努力改正错误的，可延长预备期。延长时间最长不可超过（）。,半年,一年,一年半,"","",B,8
95,做一名合格的共产党员的首要条件是（）。,有共产主义信念,有马克思主义信念,有社会主义信念,"","",A,6
96,（）指出：“为什么我们过去能在非常困难的情况下奋斗出来，战胜千难万险使革命胜利呢？就是因为我们有理想，有马克思主义信念，有共产主义信念。,毛泽东,邓小平,江泽民,"","",B,6
97,（）说：“共产党员的党性，就是无产者阶级性最高而集中的表现，就是无产者本质的最高表现，就是无产阶级利益最高最集中的表现。共产党员的党性锻炼和修养，是党员本质的改造。,毛泽东,周恩来,刘少奇,"","",C,12
98,中华人民共和国是（）年成立的。,1949,1945,1950,1951,"",A,6
99,属于“五个必须”的是（）,必须保守党的秘密,必须维护党中央权威,必须遵守党的纪律,"","",B,5
100,中国人民解放军建军节是每年的（）。,七月一日,六月一日,八月一日,九月九日,"",C,6
101,新的历史时期，在社会主义市场经济条件下，党的（）更是直接关系到党的生死存亡的大问题。,思想建设,组织建设,作风建设,"","",C,11
102,（）对广大青年树立和培育社会主义核心价值观，提出了四点希望和要求；一是要勤学、二是修德、三是要明辨、四是要笃实。,江泽民,胡锦涛,习近平,"","",C,12
103,十八大报告指出：“建设（），是关系人民福祉、关乎民族未来的长远大计。,政治文明,社会文明,生态文明,"","",C,1
104,正确的入党动机，指争取入党的内在原因是忠诚地信仰（），全心全意为人民服务。,马列主义,社会主义,共产主义,"","",C,9
105,（）学习教育是面向全体党员深化党内教育的重要实践，是推动党内教育从“关键少数”向广大党员拓展，从集中性教育向经常性教育延伸的重要举措。,“两学一做”,“四讲四有”,“三会一课”,"","",A,6
106,“两学一做”学习教育是面向（）深化党内教育的重要实践，是推动党内教育从“关键少数”向广大党员拓展，从集中性教育向经常性教育延伸的重要举措。,党员干部,全体党员,部分党员,"","",B,11
107,以江泽民为主要代表的中国共产党人，在建设中国特色社会主义的实践中，积累了治党治国的宝贵经验，形成了（）。,建设中国特色社会主义理论,“三个代表”重要思想,科学发展观,"","",B,10
108,以胡锦涛为主要代表的中国共产党人，在建设中国特色社会主义的实践中，积累了治党治国的宝贵经验，形成了（）。,建设中国特色社会主义理论,“三个代表”重要思想,科学发展观,"","",C,7
109,中国共产党在莫斯科召开的全国代表大会是（）。,党的六大,党的五大,党的四大,"","",A,10
110,确立毛泽东思想为党的指导思想，使全党在思想上、政治上、组织上达到空前的统一和团结的大会是（）。,党的七大,党的八大,党的九大,"","",A,10
111,党的（），把邓小平理论确立为党的指导思想。,十三大,十四大,十五大,"","",C,10
112,中国共产党在社会主义初级阶段的基本路线是：领导和团结全国各族人民，以（）为中心，坚持四项基本原则，坚持改革开放，自力更生，艰苦创业，为把我国建设成为富强民主文明和谐美丽的社会主义现代化强国而奋斗。,经济建设,政治建设,文化建设,"","",A,6
113,加强社会主义核心价值体系建设，坚持马克思主义指导思想，树立中国特色社会主义共同理想，弘扬以（）为核心的民族精神和以改革创新为核心的时代精神。,共产主义,爱国主义,社会主义,"","",B,6
114,马克思主义诞生的标志是（）的发表。,《共产党宣言》,《德意志意识形态》,《英国工人阶级状况》,"","",A,9
115,第一次比较系统地初步回答中国这样经济文化比较落后的国家如何建设社会主义、如何巩固和发展社会主义等一系列基本问题的是（）。,毛泽东思想,邓小平理论,“三个代表”重要思想,"","",B,6
116,党的基本路线的核心内容中，“一个中心”是指：（）。,以改革开放为中心,以四项基本原则为中心,以经济建设为中心,"","",C,7
117,小康社会是（）在规划我国经济社会发展蓝图时提出的战略构想。,毛泽东,邓小平,江泽民,"","",B,6
118,党的全国代表大会每（）举行一次。,三年,四年,五年,"","",C,9
119,（）曾指出：“加强纪律性，革命无不胜”、“纪律是执行路线的保证”。,毛泽东,邓小平,陈云,"","",A,6
120,我们党的最大政治优势是（），执政后最大的危险是脱离群众。,密切联系群众,全心全意为人民服务,批评与自我批评,"","",A,5
121,党的三大优良作风是毛泽东在（）党的七大作的《论联合政府》报告中首次提出来的。,1942年1月,1945年4月,1949年3月,"","",B,11
122,十八届中央政治局带头制定和严格执行“关于改进工作作风、密切联系群众的（）规定。,六项,八项,九项,"","",B,7
123,党章规定对党员的纪律处分有警告、严重警告、（）、留党察看和开除党籍。,记过,记大过,撤销党内职务,"","",C,4
124,支部大会通过接受预备党员的决议，其赞成人数必须超过应到会有表决权的正式党员的（）。,半数,三分之一,三分之二,"","",A,4
125,预备党员的预备期从（）之日算起。,上级党组织谈话,党委研究同意,支部大会讨论通过,"","",C,7
126,党的支部委员会对申请入党的人，要注意征求党内外有关群众的意见，进行严格的审查，认为合格后再提交（）讨论。,上级党委,支部大会,支部委员会,"","",B,13
127,党的（）党章修正案首次将尊重党员主体地位写入党章。,十九大,十七大,十八大,"","",C,8
128,下列属于党员权利的是（）。,倡导共产主义道德,对党的工作提出建议和倡议,加强理论学习,"","",B,9
129,下列属于党员义务的是（）。,倡导共产主义道德,对党的工作提出建议和倡议,参加党的有关会议,"","",A,10
130,党员的政治修养是指（）。,坚定共产主义和中国特色社会主义的信念,加强思想理论修养，提高自己用马克思主义理论观察事物、分析事物、解决实际问题的能力,树立大公无私的崇高境界,"","",A,3
131,"胡锦涛同志阐述了新的时代对共产党员党性修养的要求,以下不正确的是（）。",必须高举建设有中国特色社会主义的伟大旗帜，坚定不移地走有中国特色的社会主义道路,必须站在社会主义改革开放和现代化建设的前列，坚决抵制资本主义,必须认真实践全心全意为人民服务的宗旨，密切联系群众,"","",B,8
132,党内（）是党的生命，对人民民主具有重要的示范和带动作用。,民主,法制,监督,"","",A,4
133,十七大报告指出，事实雄辩地证明（）是决定当前中国命运的关键抉择，是发展中国特色社会主义，实现中华民族伟大复兴的必由之路。,依法治国,改革开放,科教兴国,"","",B,8
134,党员的党龄，从（）之日算起。,递交入党志愿书,支部大会通过其为预备党员,预备期满转为正式党员,"","",C,11
135,中国共产党党员标准主要是由（）决定的。,党的工人阶级先锋队性质,党在各个时期的方针政策,党的优良传统和作风,"","",A,9
136,共产党的党性是（）的最高表现。,工人阶级的阶级性,先进分子的先进性,革命分子的革命性,"","",A,8
137,党的团结的政治基础是（）。,马克思主义,民主集中制,党的纲领路线,"","",C,5
138,党的团结的思想基础是（）。,马克思主义,民主集中制,党的纲领路线,"","",A,7
139,党的团结的组织基础是（）。,马克思主义,民主集中制,党的纲领路线,"","",B,7
140,党的（），比较系统地阐述了关于社会主义初级阶段的理论，完整地概括了党在社会主义初级阶段的基本路线。,十二大,十三大,十四大,"","",B,6
141,党的（），明确提出我国经济体制改革的目标是建立社会主义市场经济体制。,十三大,十四大,十五大,"","",B,9
142,（）是决定一个政党、一个政权盛衰的根本因素。,执政能力,领导水平,人心向背,"","",C,8
143,高校党委是党的（）。,地方组织,基层组织,行业组织,"","",B,10
144,毛泽东在七届二中全会上告诫全党同志们继续保持两个务必，即务必保持谦虚、谨慎、不骄、不躁的作风和（）。,务必保持与群众的密切联系的作风,务必保持批评与自我批评的作风,务必保持艰苦奋斗的作风,"","",C,9
145,党执政后的最大危险是（）。,党内腐败,脱离群众,骄傲自满,"","",B,8
146,马克思主义政党的根本特征是（）。,先进性,阶级性,纯洁性,"","",A,6
147,科学发展观的核心是（）。,发展,全面协调可持续,以人为本,"","",C,10
148,科学发展观的基本要求是（）。,发展,全面协调可持续,以人为本,"","",B,7
149,科学发展观的根本方法是（）。,统筹兼顾,全面协调可持续,以人为本,	和谐统一,"",A,12
150,党的（）是统一全党思想和行动的最高准则，他包括党的性质，党的指导思想，党的最终目标，党在当前历史阶段的总任务和基本政策，以及党的建设的基本要求等。,纲领,章程,路线,"","",A,6
151,坚持全面从严治党，必须以（）为根本遵循，把党的政治建设摆在首位，思想建党和制度治党同向发力，统筹推进党的各项建设。,纲领,党章,规定,"","",B,8
152,坚持（），是我们的强国之路。,经济建设,和谐稳定,改革开放,"","",C,1
153,在中国大地上举起俄国十月社会主义革命旗帜的第一人是（）。,陈独秀,李大钊,毛泽东,"","",B,6
154,必须充分发扬党内民主，尊重党员的（）地位，保障党员民主权利，发挥各级党组织和广大党员的积极性创造性。,主体,主要,重要,"","",A,8
155,党的基层组织是党在社会基层组织中的（），是党的全部工作和战斗力的基础。,基层政权组织,战斗堡垒,基层领导机关,基层自治组织,"",B,11
156,1935年1月召开的（），开始确立毛泽东在红军和党中央的领导地位。,遵义会议,通道会议,黎平会议,"","",A,8
157,毛泽东第一次提出探索适合中国国情的社会主义建设道路的著作是（）。,《论十大关系》,《关于正确处理人民内部矛盾的问题》,《论人民民主专政》,"","",A,4
158,我国的国体是（）。,人民代表大会制度,人民民主专政,无产阶级专政,"","",B,8
159,十八大报告指出了建设中国特色社会主义的（）总布局。,三位一体,四位一体,五位一体,"","",C,4
160,党的民主集中制的“四个服从”是指：个人服从组织、下级服从上级、（）、全党服从中央。,党员服从干部,地方各级委员会服从中央委员会,少数服从多数,"","",C,4
161,（）是中国共产党历史上的一个伟大转折点。,八七会议,第七次代表大会,遵义会议,"","",C,4
162,坚持四项基本原则，最核心的一条是坚持（）。,无产阶级专政,共产党的领导,社会主义道路,马列主义、毛泽东思想,,B,9
163,党的十七届六中全会在集中全党智慧的基础上，阐述了中国特色社会主义文化发展道路，确立了建设社会主义（）的战略目标。,文化强国,军事强国,教育强国,"","",A,4
164,我国社会主义的政党制度是（）。,多党制,一党制,共产党领导的多党合作与政治协商制度,"","",C,3
165,共产主义信仰是共产党人的政治灵魂及其经受住任何考验的精神支柱。主要表现在对马克思主义的信仰和对（）。,社会主义和共产主义的信念,改革开放和现代化建设的信心,党和政府的信任,"","",A,6
166,党的领导主要是（）的领导。,政治、经济和文化,政治、经济和军事,政治、思想和组织,"","",C,11
167,中国共产党是以（）为阶级基础的,工人阶级,农民阶级,知识分子,"","",A,10
168,党的领导地位的确立，是由党的（）所决定的。,纲领,宗旨,性质,"","",C,12
170,我们党执政兴国的第一要务是（）。,发展,改革,开放,"","",A,2
171,根据马克思和恩格斯对共产主义社会的论述，共产主义社会实行（）的分配制度。,各尽所能，按劳分配,各尽所能，平均分配,各尽所能，按需分配,"","",C,9
172,民主集中制是我党的（）。,根本宗旨,组织原则,基本路线,"","",B,9
173,邓小平同志在（）年年初的南方谈话中提出了“社会主义的本质，是解放生产力，发展生产力，消灭剥削，消除两极分化，最终达到共同富裕”。,1984,1988,1992,"","",C,8
174,党的（），明确提出我国经济体制改革的目标是建立社会主义市场经济体制。,十三大,十四大,十五大,"","",B,14
175,（）中国对香港恢复行使主权。,1999年10月1日,1997年7月1日,1999年12月20日,"","",B,5
176,（）中国对澳门恢复行使主权。,1999年10月1日,1997年7月1日,1999年12月20日,"","",C,10
177,企业、农村、机关、学校、科研院所、街道社区、社会组织、人民解放军连队和其他基层单位，凡是有正式党员（）人以上的，都应当成立党的基层组织。,三,四,五,"",,A,9
178,（）是最活跃最革命的因素，是社会发展的最终决定力量。,生产力,生产关系,生产方式,"","",A,10
179,改革的实质是（）。,思想创新,文化创新,体制创新,"","",C,9
180,十九大报告指出，中国特色社会主义最本质的特征是（）。,中国共产党领导,人民民主专政,社会主义公有制,"","",A,5
181,（）是我们党的基本政治观点。,群众观点,发展观点,平等观点,"","",A,11
182,（）是当代中国发展进步的旗帜，是全党全国各族人民团结奋斗的旗帜。,爱国统一战线旗帜,“一国两制”旗帜,中国特色社会主义伟大旗帜,"","",C,9
183,我国社会主义建设的根本任务是（）。,发展生产力,改革开放,建设小康社会,"","",A,5
184,党组织讨论问题必须坚持的原则是（）。,个人服从党的组织,少数服从多数,下级组织服从上级组织,"","",B,6
185,贯彻“三个代表”重要思想的关键是（）。,坚持与时俱进,坚持党的先进性,坚持执政为民,"","",A,4
186,贯彻“三个代表”重要思想的核心是（）。,坚持与时俱进,坚持党的先进性,坚持执政为民,"","",B,1
187,贯彻“三个代表”重要思想的本质是（）。,坚持与时俱进,坚持党的先进性,坚持执政为民,"","",C,9
188,构建社会主义和谐社会的重点是（）。,改善民生,维护公平正义,创新社会治理,"","",A,7
189,我们的时代精神的核心是（）。,改革开放,改革创新,爱国主义,"","",B,5
190,我们的民族精神的核心是（）。,改革开放,改革创新,爱国主义,"","",C,2
191,十九大报告指出，中国特色社会主义制度的最大优势是（）。,人民民主专政,中国共产党领导,人民代表大会制度,"","",B,14
192,召开讨论接收预备党员的支部大会，有表决权的到会人数必须超过应到会有表决权人数的（）。,二分之一,三分之一,三分之二,"","",A,5
193,党委对党支部上报的接收预备党员的决议，应当在三个月内审批，并报上级党委组织部门备案。如遇特殊情况可适当延长审批时间，但不得超过（）。,六个月,九个月,十二个月,"","",A,8
194,成立党的基层组织必须有（）名以上党员。,十,五,三,"","",C,5
195,马克思主义建党理论中一个带有根本性的重大课题是保持马克思主义政党的（）。,先进性,纯洁性,进步性,"","",A,5
196,共产党员同一般群众的根本区别就是他的（）。,进步性,纯洁性,先进性,"","",C,7
197,留党察看的最长时间不超过（）。,一年,两年,三年,"","",B,6
198,我国实行社会主义初级阶段的分配制度就是初次分配注重（）、再次分配注重（）。,效率、公平,公平、效率,效率、平等,"","",A,7
199,中国共产党的成立，得到了（）领导的第三国际的帮助。,列宁,斯大林,恩格斯,"","",A,5
200,党的（），把习近平新时代中国特色社会主义思想确立为党的指导思想。,十七大,十八大,十九大,"","",C,4
201,党的（），把“三个代表”重要思想确立为党的指导思想。,十五大,十六大,十七大,"","",B,9
202,党的（），把科学发展观确立为党的指导思想。,十六大,十七大,十八大,"","",C,7
203,坚持（），是我们的立国之本。,四项基本原则,和谐稳定,改革开放,"","",A,5
204,加强社会主义核心价值体系建设，坚持马克思主义指导思想，树立中国特色社会主义共同理想，弘扬以（）为核心的民族精神和以改革创新为核心的时代精神，倡导社会主义荣辱观，增强民族自尊、自信和自强精神，抵御资本主义和封建主义腐朽思想的侵蚀，扫除各种社会丑恶现象，努力使我国人民成为有理想、有道德、有文化、有纪律的人民。,爱国主义,社会主义,集体主义,"","",A,7
205,党的思想路线最本质的东西是（）。,一切从实际出发,理论联系实际,实事求是,"","",C,6
206,中国共产党领导中国人民在走中国特色社会主义道路上，再次把马克思主义与中国实际相结合，形成的新的理论成果是（）。,科学发展观,习近平新时代中国特色社会主义思想,“三个代表”重要思想,"","",B,8
207,下列不属于毛泽东思想活的灵魂的是（）。,实事求是,阶级斗争,群众路线,"","",B,11
208,在民主革命时期，我党曾经于（）召开过党的全国代表会议。,1937年,1941年,1945年,"","",A,5
209,党的三大优良作风是（）在1945年4月党的七大作的《论联合政府》报告中首次提出来的。,刘少奇,毛泽东,周恩来,"","",B,6
210,“执政党的党风问题是有关党的生死存亡的问题”这一命题最早是由（）同志提出来的。,毛泽东,邓小平,陈云,"","",C,7
211,下列属于正确入党动机的是（）。,理想型,进取型,随大流型,"","",A,10
212,胡锦涛同志在党的十八大报告中指出一些领导干部缺乏坚定的理想信念，主要体现在（）和少数党员干部宗旨意识淡薄。,科学发展能力不强,基层党组织软弱涣散,形式主义、官僚主义问题突出,"","",B,5
213,1978年召开的党的（），是建国以来我党历史上具有深远意义的伟大转折。,中共中央工作会议,十一届六中全会,十一届三中全会,"","",C,11
214,全面提高公民道德素质。要坚持依法治国和以德治国相结合，加强（）教育，弘扬中华传统美德，弘扬时代新风。,思想道德,社会主义核心价值观,社会公德、职业道德、家庭美德、个人品德,"","",C,10
215,在党的十九大报告中，习近平同志强调，我们要坚定道路自信、理论自信、制度自信和（）。,价值自信,民族自信,文化自信,"","",C,7
216,马克思主义是在（），由马克思、恩格斯创立的以马克思的名字命名的无产阶级解放运动的理论体系，是全世界无产阶级的正确的科学思想的结晶，是无产阶级根本利益的科学表现。,十九世纪三十年代,十九世纪四十年代,十九世纪五十年代,"","",B,8
217,中共六大是在大革命失败后的白色恐怖下在（）召开的，是由共产国际直接控制和掌握的。,莫斯科,伦敦,柏林,"","",A,7
218,1981年中共（）通过的《关于建国以来党的若干历史问题的决议》对毛泽东思想的科学定义、主要内容及历史地位做了科学概况。,十一届三中全会,十一届五中全会,十一届六中全会,"","",C,4
219,中华人民共和国成立于（）。,1921年,1948年,1949年,"","",C,5
220,现任中共中央总书记是（）。,胡锦涛,习近平,李克强,"","",B,10
221,党的十九大报告提出，制定国家监察法依法赋予监察委员会职责权限和调查手段，用（）取代“两规措施”。,拘留,留置,羁押,"","",B,6
222,中国共产党始终代表中国先进（）的发展要求。,生产力,生产关系,文化,"","",A,11
223,中国共产党始终代表中国先进（）的前进方向。,生产力,生产关系,文化,"","",C,6
224,在毛泽东思想指引下，中国共产党领导全国各族人民，经过长期的反对帝国主义、封建主义、（）的革命斗争，取得了新民主主义革命的胜利，建立了人民民主专政的中华人民共和国。,资本主义,民族资本主义,官僚资本主义,"","",C,5
225,建国以后，我国顺利地进行了社会主义（），完成了从新民主主义到社会主义的过渡，确立了社会主义基本制度。,改造,改革,改良,"","",A,9
226,建国以后，我国顺利地进行了社会主义改造，完成了从（）到社会主义的过渡，确立了社会主义基本制度。,民主主义,旧民主主义,新民主主义,"","",C,3
227,十一届三中全会以来，以邓小平同志为主要代表的中国共产党人，总结建国以来正反两方面的经验，解放思想，实事求是，实现全党工作中心向（）的转移，实行改革开放，开辟了社会主义事业发展的新时期。,政治建设,经济建设,文化建设,"","",B,12
228,在现阶段，我国社会的（）是人民日益增长的美好生活需要和不平衡不充分的发展之间的矛盾。,基本矛盾,主要矛盾,次要矛盾,"","",B,10
229,党在任何时候都把（）放在第一位。,党的利益,国家利益,群众利益,"","",C,4
230,党员如果没有正当理由，连续（）不参加党的组织生活，就被认为是自行脱党。,三个月,六个月,一年,"","",B,8
231,党的中央委员会每届任期（）年。,三,五,十,"","",B,6
232,中央委员会委员和候补委员必须有（）以上的党龄。,三年,五年,十年,"","",B,11
233,党的县（旗）、自治县、不设区的市和市辖区的委员会，每届任期五年。这些委员会的委员和候补委员必须有（）以上的党龄。,三年,五年,十年,"","",A,6
234,严重触犯刑律的党员必须（）。,撤销党内职务,留党察看,开除党籍,"","",C,5
235,对党员的纪律处分，必须经过（）讨论决定，报党的基层委员会批准。,上级党委,支部大会,支部委员会,以上都不是,"",B,10
236,对党的中央委员会和地方各级委员会的委员、候补委员，给以撤销党内职务、留党察看或开除党籍的处分，必须由本人所在的委员会全体会议（）以上的多数决定。,二分之一,三分之一,三分之二,"","",C,8
237,在中央和地方国家机关、人民团体、经济组织、文化组织和其他非党组织的领导机关中，可以成立（）。,党组,党小组,党的支部,"","",A,7
238,（）是中国共产党领导的先进青年的群众组织，是党的助手和后备军。,中国社会主义青年团,中国共产主义青年团,中国少先队,"","",B,4
239,（）是科学的世界观和方法论，是我们党的理论基础。,马克思主义,马克思主义哲学,马克思主义基本原理,"","",B,10
240,（）是我们党的立党之本、执政之基、力量之源。,毛泽东思想,邓小平理论,“三个代表”重要思想,"","",C,3
241,当前中国最大的实际是我们正处于并将长期处于（）。,社会主义阶段,社会主义初级阶段,社会主义高级阶段,"","",B,2
242,（）是党领导人民治理国家的基本方略，实施这一方略，有助于加强和改善党的领导。,依法治国,以德治国,依宪治国,"","",A,10
243,我们要不断完善社会主义市场经济体制，既充分发挥（）在资源配置中的决定性作用，又充分发挥社会主义制度的优越性。,国家,政府,市场,"","",C,6
244,"我们要不断完善社会主义市场经济体制，既充分发挥市场在资源配
置中的（）作用，又充分发挥社会主义制度的优越性。",决定性,主导性,基础性,"","",A,6
245,加强党的（）建设，就是要通过推进党的各方面建设，使党的理论和路线、方针、政策顺应时代发展的潮流和我国社会发展进步的要求，反映全国各族人民的利益和愿望。,先进性,纯洁性,阶级性,"","",A,8
246,加强党的（）建设，就是要通过推进党的各方面建设，使党的各级组织和广大党员在思想和行动上符合党的宗旨要求，保持纯粹清正的状态。,先进性,纯洁性,阶级性,"","",B,10
247,党的十八大提出了把党建设成为（）的马克思主义执政党的战略目标。,学习型、改革型、开放型,学习型、服务型、创新型,服务型、改革型、创新型,"","",B,3
248,党的十六大的一个历史性贡献，就是把“三个代表”重要思想写进了《党章》，与马列主义、毛泽东思想和邓小平理论一道作为我们党长期坚持的指导思想。同时指出，贯彻“三个代表”重要思想的核心在于（）。,坚持党的领导,坚持执政为民,坚持党的先进性,"","",C,3
249,《党纪处分条例》规定，留党察看期间，受处分党员不享有（）。,表决权、选举权、被选举权,表决权、选举权、申诉权,选举权、被选举权、申诉权,"","",A,3
250,加强和改进党的建设，一定要把思想建设、组织建设和作风建设有机结合起来，把（）贯穿其中，既立足于做好经常性工作，又抓紧解决存在的突出问题。,制度建设,理论建设,廉政建设,"","",A,6
251,务必使同志们继续地保持谦虚、谨慎、不骄、不躁的作风，务必使同志们继续地保持艰苦奋斗的作风，这“两个务必”是毛泽东同志在党的（）上提出的。,七届二中全会,七届三中全会,七届四中全会,"","",A,10
252,当前，中央提出从严治党的方针，这一方针包括下列哪项内容：（）。,要对党员特别是领导干部严格要求，讲党性,要在党内生活中讲原则，严格监督,要严格按照党章规定的标准发展党员，严肃处置不合格党员,"","",C,7
253,健全党内民主制度的基础是（）。,保障党员的民主权利,完善党的代表大会制度,完善党的委员会制度,"","",A,10
254,加强和改进党的作风建设的核心问题是（）。,开展批评和自我批评,保持党同人民群众的血肉联系,理论联系实际,"","",B,4
255,现阶段，我国进行社会主义改革和发展的前提是（）。,发展经济,社会稳定,反对腐败,"","",B,6
256,《为人民服务》是毛泽东同志在纪念（）的追悼会上的讲话。,张思德,白求恩,刘胡兰,"","",A,8
257,到（）全面建成小康社会，是我们党确定的“两个一百年”奋斗目标的第一个百年奋斗目标。,2019年,2020年,2021年,"","",B,8
258,党的十八大以来，以（）为总书记的党中央毫不动摇坚持和发展中国特色社会主义，勇于实践、善于创新，深化对共产党执政规律、社会主义建设规律、人类社会发展规律的认识，形成一系列治国理政新理念新思想新战略。,胡锦涛,习近平,李克强,"","",B,4
259,党的十八届五中全会指出我国要实施网络强国战略，实施（）行动计划，发展分享经济，实施国家大数据战略。,网络,互联网,互联网＋,"","",C,4
260,我们要加快建设资源节约型、环境友好型社会，形成人与自然和谐发展的现代化建设新格局，推进（）建设，为全球生态安全作出新贡献。,美丽中国,健康中国,生态中国,"","",A,10
261,党的十八届五中全会指出我国要坚持计划生育的基本国策，完善人口发展战略，全面实施一对夫妇可生育（）孩子政策，积极开展应对人口老龄化行动。,两个,三个,四个,"","",A,7
262,（）是中国特色社会主义最本质的特征，是社会主义法治最根本的保证。,党的领导,人民当家做主,依法治国,"","",A,9
263,党的思想路线是（）。,一切从实际出发,理论联系实际,实事求是,在实践中检验真理和发展真理,"","A,B,C,D",35
264,“一个中心”、“两个基本点”的具体表述正确的是（）。,“一个中心”是指以文明建设为中心,“两个基本点”是指坚持物质文明建设，坚持精神文明建设,“一个中心”是指以经济建设为中心,“两个基本点”是指坚持四项基本原则，坚持改革开放,"","C,D",30
265,不断提高党的创造力、凝聚力、战斗力，建设（）的马克思主义执政党，使我们党始终走在时代前列，成为领导全国人民沿着中国特色社会主义道路不断前进的坚强核心。,改革型,学习型,服务型,创新型,"","B,C,D",30
266,党要适应改革开放和社会主义现代化建设的要求，坚持（），加强和改善党的领导。,科学执政,民主执政,文明执政,依法执政,"","A,B,D",33
268,中国共产党领导全国各族人民，经过长期的反对（）的革命斗争，取得了新民主主义革命的胜利。,帝国主义,封建主义,资本主义,官僚资本主义,"","A,B,D",25
269,党按照德才兼备的原则选拔干部，坚持任人唯贤，反对任人唯亲，努力实现干部队伍的（）。,革命化,年轻化,知识化,专业化,"","A,B,C,D",33
270,党的十八大报告对中国特色社会主义的科学内涵作出了全面系统的新阐释，即（）三者的统一。,中国特色社会主义道路,中国特色社会主义市场经济,中国特色社会主义制度,中国特色社会主义理论体系,"","A,C,D",27
271,我国的社会主义建设（）。,必须从我国的基本国情出发,走中国特色社会主义道路,学习西方国家“三权分立”的政治制度,坚持中国共产党的领导,"","A,B,D",36
272,十九大报告指出，加快社会治安防控体系建设，依法打击和惩治黄赌毒黑拐骗等违法犯罪活动，保护人民（）。,生命权,人身权,财产权,人格权,"","B,C,D",35
273,党的纪律的基本特征：（）,自觉性,客观性,民主性,严肃性,"","A,B,C,D",34
274,中国特色反腐倡廉道路必须坚持（）的基本方针。,标本兼治,综合治理,惩防并举,注重预防,"","A,B,C,D",26
275,党的十八大以来，以习近平同志为总书记的党中央毫不动摇坚持和发展中国特色社会主义，勇于实践、善于创新，深化对（）的认识，形成一系列治国理政新理念新思想新战略。,社会发展基本规律,共产党执政规律,社会主义建设规律,人类社会发展规律,"","B,C,D",30
276,“一带一路”是（）和（）的简称。,“长江经济带”,“丝绸之路经济带”,“欧亚丝绸之路”,“21世纪海上丝绸之路”,"","B,D",23
277,党章规定，预备党员的权利，除了没有（）以外，同正式党员一样。,申诉权,表决权,选举权,被选举权,"","B,C,D",28
278,党在长期领导人民群众翻身求解放的艰苦斗争中形成的（）的三大优良作风，是我们党区别于其它政党的显著标志。,实事求是,理论联系实际,密切联系群众,批评与自我批评,"","B,C,D",29
279,全面提高公民道德素质。要坚持依法治国和以德治国相结合，加强（）教育，弘扬中华传统美德，弘扬时代新风。,社会公德,职业道德,家庭美德,个人品德,"","A,B,C,D",38
280,十九大报告指出，我们要巩固基层政权，完善基层民主制度，保障人民（）。,知情权,参与权,表达权,监督权,"","A,B,C,D",35
281,（）是中国共产党历史上的两个伟大转折点。,八七会议,第七次代表大会,遵义会议,十一届三中全会,"","C,D",26
282,在新的历史时期，加强党的建设具有特殊重要性，这是因为党现在面临着（）的考验。,长期执政,改革开放,市场经济,外部环境,"","A,B,C,D",30
283,在新的历史时期，加强党的建设具有特殊重要性，这是因为党现在面临着（）的危险。,精神懈怠,能力不足,脱离群众,消极腐败,"","A,B,C,D",28
284,党的民主集中制的“四个服从”是指：个人服从组织、（）全党服从中央。,党员服从干部,下级服从上级,地方各级委员会服从中央委员会,少数服从多数,"","B,D",41
285,江泽民同志提出的“三个代表”是指（）。,代表中国先进生产力的发展要求,代表中国先进文化的前进方向,代表中国最广大人民的根本利益,代表中华民族的根本利益,"","A,B,C",28
286,党的领导主要是（　　　　）。,思想领导,政治领导,组织领导,理论领导,"","A,B,C",21
287,党章规定，党的最高领导机关是（）。,中央政治局,中央书记处,党的全国代表大会,中央委员会,"","C,D",40
288,毛泽东思想活的灵魂是（　　　　）。,群众路线,独立自主,党的建设,实事求是,"","A,B,D",33
289,党的纪律处分除警告外，还有（　　　　）。,严重警告,撤销党内职务,开除党籍,留党察看,"","A,B,C,D",18
290,毛泽东在七届二中全会上告诫全党同志们继续保持两个务必，即（）。,务必保持与群众的密切联系的作风,务必保持谦虚、谨慎、不骄、不躁的作风,务必保持批评与自我批评的作风,务必保持艰苦奋斗的作风,"","B,D",19
291,十九大报告指出，建设现代化经济体系，需要建设（）劳动者大军，弘扬劳模精神和工匠精神，营造劳动光荣的社会风尚和精益求精的敬业风气。,知识型,技能型,创新型,开创型,"","A,B,C",25
292,十九大报告指出，要长期坚持、不断发展我国社会主义民主政治，积极稳妥推进政治体制改革，推进社会主义民主政治（），保证人民依法通过各种途径和形式管理国家事务，管理经济文化事业，管理社会事务，巩固和发展生动活泼、安定团结的政治局面。,制度化,规范化,法治化,程序化,"","A,B,D",29
293,我国还处在社会主义初级阶段的论断具有特定的科学含义：（）,我国已经是社会主义社会,我们的社会主义是中国特色的社会主义,我国的社会主义社会还处在初级阶段,我国的社会主义社会现已超越了初级阶段,"","A,C",24
294,党的组织体系由党的（）等基本层次构成。,中央组织,地方组织,基层组织,党组,"","A,B,C",30
295,党的基层组织，根据工作需要和党员人数，经上级党组织批准，分别设立党的（）。,基层委员会,总支部委员会,支部委员会,党小组,"","A,B,C",37
296,党组是在中央和地方（）和其他非党组织的领导机关中设立的党的一级组织。,国家机关,人民团体,经济组织,文化组织,"","A,B,C,D",32
297,党的各级委员会实行集体领导和个人分工负责相结合的制度。凡属重大问题都要按照（）的原则，由党的委员会集体讨论，做出决定；委员会成员要根据集体的决定和分工，切实履行自己的职责。,集体领导,民主集中,个别酝酿,会议决定,"","A,B,C,D",33
298,胡锦涛同志在党的十七届四中全会上提出了全党要（）。,大兴密切联系群众之风,大兴求真务实之风,大兴艰苦奋斗之风,大兴批评与自我批评之风,"","A,B,C,D",24
299,发展党员必须履行入党手续是为了（）,保证新党员质量,保证党的先进性和纯洁性,限制党员队伍过分扩大,对要求入党的同志进行严格的教育和考察,"","A,B,D",27
300,下列属于党员义务的是（）,对党的工作提出建议和倡议,切实开展批评和自我批评,加强理论学习,倡导共产主义道德,"","B,C,D",29
301,党员主体地位，主要是指（）。,广大党员在党的活动中处于主体位置,在党内生活中当家作主,对党的活动和党的事业起着最终的决定作用,党员的权利大于义务,"","A,B,C",31
302,下列属于党员权利的是（）,倡导共产主义道德,对党的工作提出建议和倡议,加强理论学习,参加党的有关会议,"","B,D",18
303,端正入党动机的基本要求是（）,要有为共产主义和中国特色社会主义奋斗终身的坚定理想信念,要有全心全意为人民服务的思想,要有稳定的工作和收入，能够按时缴纳党费,要有在生产、工作、学习和社会生活中起先锋模范作用的觉悟,"","A,B,D",37
304,党性修养的基本内容（）,正确的政治方向和崇高的理想信念,坚持马克思主义的指导和牢固树立党的宗旨,培养良好的作风和严明党的纪律,培养高尚的道德情操,"","A,B,C,D",23
305,大学生提升党性修养的主要途径有（）,加强学习和勇于实践,严于律己与率先垂范,自我批评与改造,和老师同学搞好关系,"","A,B,C",42
306,中国共产党章程在总纲中把党的性质概括为（）。,中国工人阶级的先锋队,中国农民阶级的先锋队,中国人民的先锋队,中华民族的先锋队,"","A,C,D",29
307,民主集中制是我们党的根本的（）。,组织原则,组织制度,领导制度,工作制度,"","A,B,C,D",30
308,党的十八届六中全会审议通过的《关于新形势下党内政治生活的若干准则》强调，全党必须坚决反对（），领导干部特别是高级干部要以身作则。,形式主义,官僚主义,享乐主义,奢靡之风,"","A,B,C,D",25
309,在党的二大上，首次明确把党的纲领区分为最高纲领和最低纲领，规定党的最高纲领是实现社会主义、共产主义，最低纲领是（）。,消除内乱，打倒军阀，建立国内和平,推翻资产阶级的反动统治,推翻国际帝国主义的压迫，达到中华民族完全独立,统一中国为真正的民主共和国,"","A,C,D",28
310,十八大党章指出，树立（）的生态文明理念，坚持节约资源和保护环境的基本国策。,尊重自然,顺应自然,保护自然,处理好人与自然的关系,"","A,B,C",28
311,“四个全面”战略布局中的战略举措包括（）。,全面建成小康社会,全面深化改革,全面依法治国,全面从严治党,"","A,B,C,D",27
312,中国梦的核心内涵是中华民族伟大复兴，基本内涵是实现（）。,世界和谐,国家富强,民族振兴,人民幸福,"","B,C,D",36
313,马克思、恩格斯曾经指出：“作为确定的人、现实的人，你就有规定，就有使命，就有任务”。,对,错,"","","",A,9
314,从现在到二〇三五年，是全面建成小康社会决胜期。,对,错,"","","",B,7
315,习近平在北京大学建校110周年师生座谈会上提出：“希望同学们在深入学习中国特色社会主义理论体系上狠下功夫，在提高综合素质上狠下功夫，在提高实践本领上狠下功夫，努力成为德智体全面发展的社会主义建设者和接班人。”,对,错,"","","",B,8
316,党的十八大以来，以习近平同志为核心的党中央提出了实现中华民族伟大复兴的中国梦的宏伟目标。中国梦召唤着广大青年，也激励着广大青年。,对,错,"","","",A,6
317,十八大以来的五年，我国经济保持中高速增长，在世界主要国家中名列前茅，国内生产总值从五十四万亿元增长到八十万亿元，稳居世界第二，对世界经济增长贡献率超过百分之三十。,对,错,"","","",A,8
318,广大青年要不断增强道路自信、理论自信、制度自信、文化自信，增强对坚持党的领导的信念，永远紧跟党高高举起中国特色社会主义伟大旗帜。,对,错,"","","",A,6
319,大学生在校学习期间是大学生承担历史使命的准备阶段。大学生在校期间奋发成才，关键是提高自身素质。大学生素质主要包括思想政治道德素质、知识能力素质和身体心理素质。,对,错,"","","",A,5
320,良好的心理素质是大学生身体生理健康的重要条件，是成才的内在动力，是人格健全的重要标志。,对,错,"","","",A,16
321,创新思维素质表现为勤于思考，善于思考，运用辩证的思维方法进行正向思维、反向思维、多向思维，在思维中进行多角度思考。,对,错,"","","",A,11
322,广大青年要通过自己的实际行动，让爱国主义、集体主义、社会主义思想更加深入人心，让社会主义核心价值观更好引领社会风尚。,对,错,"","","",A,7
323,20世纪初，马克思主义在中国先进知识分子当中，逐步传播开来。当时，在宣传马克思主义方面最突出的是蔡和森和毛泽东。,对,错,"","","",B,5
324,党的十八大报告指出了新形势下党面临的“四大考验”和“四种危险”，“执政考验、改革开放考验、市场经济考验、外部环境考验”，“精神懈怠危险、能力不足危险、脱离群众危险、消极腐败危险”。,对,错,"","","",A,9
325,党的十八届六中全会审议通过的《关于新形势下党内政治生活的若干准则》，根据新形势下党的建设的新特点，确立了若干操作性很强的政治原则和政治规格，从12个方面作出具体规定，正是要解决管党治党的宽松软现象，确保党的领导坚强有力。,对,错,"","","",A,7
326,《中国共产党党内监督条例》是新形势下加强党内监督的顶层设计，必须抓好贯彻执行，使其成为规范各极党组织和广大党员、干部行为的硬约束。,对,错,"","","",A,6
327,2015年7月1日，习近平总书记在庆祝中国共产党成立90周年大会上的讲话中指出，“青年是祖国的未来、民族的希望，也是我们党的未来和希望”。,对,错,"","","",B,14
328,“不忘初心、继续前进”是全党在新的历史条件下进行具有许多新的历史特点的伟大斗争的政治宣言，是指引我们党更好担负历史使命的行动指南。,对,错,"","","",A,13
329,坚持不忘初心、继续前进，就要坚信党的根基在人民、党的力量在人民。,对,错,"","","",A,11
330,拉开我国新民主主义革命序幕的历史事件是新文化运动。,对,错,"","","",B,6
331,标志着我国进入改革开放新时期的重要会议是党的十一届六中全会。,对,错,"","","",B,9
332,中国共产党人的初心和使命就是为中国人民谋幸福，为中华民族谋复兴。,对,错,"","",,A,15
333,中国共产党只是中国工人阶级的先锋队。,对,错,"","","",B,9
334,从二〇二〇年到二〇三五年，在全面建成小康社会的基础上，再奋斗十五年，基本实现社会主义现代化。,对,错,"","","",A,7
335,中国共产党从成立之日起，就把自己定为中国工人阶级政党，始终坚持工人阶级先锋队的性质，为保持自身的先进性奠定了坚实的阶级基础。,对,错,"","","",A,11
336,党除了工人阶级和最广大人民群众的利益，还有自己特殊的利益。,对,错,"","","",B,11
337,知识分子作为工人阶级的一部分，大大增强了工人阶级的科技文化素质。,对,错,"","","",A,6
338,工人阶级的最高利益和最高理想，就是消灭生产资料的私人占有制，消灭剥削制度，实现社会主义制度。,对,错,"","","",B,9
339,历史表明，中国共产党从来就不仅代表工人阶级和劳动人民的利益，同时也代表整个中华民族的利益。,对,错,"","","",A,8
340,改革开放以来，我国的社会阶层构成发生了新的变化，出现了民营科技企业的创业人员和技术人员、受聘于外资企业的管理技术人员、个体户、私营企业主、中介组织的从业人员、自由职业人员等社会阶层。,对,错,"","","",A,7
341,我们的目标，是把中国由不发达的社会主义国家变成富强、民主的社会主义现代化国家。,对,错,"","","",B,8
342,“三个代表”集中体现了中国共产党的阶级性和先进性。,对,错,"","","",A,16
343,全心全意为人民服务是中国共产党的根本宗旨。,对,错,"","","",A,10
344,党的十八届六中全会通过的《关于新形势下党内政治生活的若干准则》指出：“人民立场是党的根本政治立场，人民群众是党的力量源泉。”,对,错,"","","",A,12
345,全党必须坚决反对形式主义、官僚主义、享乐主义和奢靡之风，领导干部特别是高级干部要以身作则。,对,错,"","","",A,6
346,反对官僚主义，重在解决追名逐利、贪图享受，讲究排场、玩物丧志等问题。,对,错,"","","",B,10
347,反对享乐主义，重在解决铺张浪费、挥霍无度、骄奢淫逸、腐化堕落等问题。,对,错,"","","",B,9
348,将党的利益摆在第一位是中国共产党的一贯宗旨。,对,错,"","","",B,11
349,中国共产党的最早组织是在上海首先建立的，1920年8月上海共产党早期组织正式成立。,对,错,"","","",A,8
350,中国共产党始终成为中国工人阶级的先锋队，与自觉成为中国人民和中华民族的先锋队，二者是统一的。,对,错,"","","",A,7
351,中国共产党的最高纲领是实现社会主义。,对,错,"","","",B,4
352,社会主义是人类历史最美好、最进步、最合理的社会制度。,对,错,"","","",B,9
353,马克思、恩格斯关于科学社会主义理论，揭示了资本主义社会内在矛盾，阐明了资本主义必然灭亡和社会主义必然胜利的客观规律。,对,错,"","","",A,7
354,生产关系一定要适合生产力的发展状况，是一切社会发展的普遍规律。,对,错,"","","",A,14
355,我国仍处于并将长期处于社会主义初级阶段的基本国情没有变，我国是世界最大发展中国家的国际地位没有变。,对,错,"","","",A,10
356,坚持创新、协调、绿色、开放、共享的发展理念，努力提高发展质量和效益，不断提高人民生活水平。,对,错,"","","",A,13
357,毫不动摇地巩固和发展公有制经济，毫不动摇地鼓励、支持、引导非公有制经济发展。,对,错,"","","",A,6
358,坚持党的领导、人民当家作主、依法治国有机统一，走中国特色社会主义政治发展道路。,对,错,"","","",A,10
359,树立尊重自然、顺应自然、保护自然的生态文明理念，坚持节约资源和保护环境的基本国策。,对,错,"","","",A,10
360,按照马克思的描述，未来的共产主义社会，是没有阶级，没有剥削，社会产品极大丰富，劳动成为生活的第一需要的社会。,对,错,"","","",A,13
361,十九大报告明确指出：“习近平新时代中国特色社会主义思想，是对马克思列宁主义、毛泽东思想、邓小平理论、“三个代表”重要思想、科学发展观的继承和发展，是马克思主义中国化的最新成果。”,对,错,"","","",A,13
362,十九大报告提出，使绝大多数城乡新增劳动力接受高中阶段教育、更多接受高等教育。,对,错,"","","",A,4
363,创新是引领发展的第一动力，是建设现代化经济体系的战略支撑。,对,错,"","","",A,9
364,中国共产党成立之初，就郑重地把毛泽东思想写在自己的旗帜上。,对,错,"","","",B,10
365,科学发展观是同马克思列宁主义、毛泽东思想、邓小平理论和“三个代表”重要思想既一脉相承又与时俱进的科学理论。,对,错,"","","",A,8
366,中国特色社会主义理论体系是包括毛泽东思想、邓小平理论、“三个代表”重要思想、科学发展观在内的科学理论体系。,对,错,"","","",B,7
367,发展理念，具体展开为创新、协调、绿色、开放、共享这五大理念。这五大理念中，共享是中国特色社会主义的本质要求。,对,错,"","","",A,5
368,习近平总书记强调，新常态下，我国经济发展表现出速度变化、结构优化、动力转换三大特点，增长速度要从高速转向中高速。,对,错,"","","",A,4
369,走中国特色社会主义政治发展道路，关键是要坚持党的领导、人民当家作主、依法治国有机统一，这是我们推进政治文明建设必须遵循的基本方针，也是我国社会主义政治文明的本质特征。,对,错,"","","",A,11
370,提高国家文化软实力，要坚持走中国特色社会主义文化发展道路，深入开展社会主义核心价值体系学习教育，广泛开展理想信念教育，大力弘扬民族精神和时代精神。,对,错,"","","",A,2
371,中国梦，核心内涵是中华民族伟大复兴，基本内涵是实现国家富强、民族振兴、人民幸福。,对,错,"","","",A,11
372,实现中国梦必须弘扬中国精神，这就是以爱国主义为核心的民族精神，以改革创新为核心的时代精神。,对,错,"","","",A,10
373,全面建成小康社会是我们的战略目标，到2050年实现这个目标，我们国家的发展水平就会迈上一个大台阶。,对,错,"","","",B,15
374,全面深化改革、全面依法治国、全面从严治党是三大战略举措，对实现全面建成小康社会战略目标一个都不能缺。,对,错,"","","",A,7
375,市场在资源配置中起主导性作用。,对,错,"","","",B,9
376,全面从严治党，核心是加强党的领导，基础在全面，关键在严，要害在治。,对,错,"","","",A,10
377,毛泽东思想的活的灵魂有三个基本方面，即理论联系实际、密切联系群众、批评与自我批评。,对,错,"","","",B,9
378,立党为公，执政为民是实践“三个代表”重要思想的根本要求。,对,错,"","","",A,9
379,中国梦的核心内涵是中华民族伟大复兴，基本内涵是人民幸福。,对,错,"","","",B,13
380,“四个全面”战略布局中的战略举措包括全面建成小康社会，全面深化改革，全面依法治国，全面从严治党。,对,错,"","","",A,10
381,民主集中制是党的根本组织制度。,对,错,"","","",A,15
382,党的民主集中制的基本原则是：党员个人服从党的组织，少数服从多数，下级组织服从上级组织，全党各个组织和全体党员服从党的全国代表大会和中央委员会。,对,错,"","","",A,6
383,党的最高领导机关是党的中央委员会。,对,错,"","","",B,5
384,中国共产党是参政党，办好中国的事情关键在党。,对,错,"","","",B,13
385,牢固树立政治意识、大局意识、核心意识、看齐意识，是维护党中央权威、维护党的领导核心的重要思想基础。党内民主是党的生命，是党内政治生活积极健康的重要基础,对,错,"","","",A,10
386,中国共产党党员享有知情权、参与权、选举权、监督权。,对,错,"","","",A,8
387,党员必须参加党员大会、党小组会和上党课，党支部要定期召开支部委员会会议。,对,错,"","","",A,9
388,每个党员都要按规定自觉交纳党费，党费使用和管理要公开透明。,对,错,"","","",A,6
389,中国共产党是用革命理想和铁的纪律组织起来的马克思主义政党，组织严密、纪律严明是党的优良传统和政治优势，也是我们的力量所在。,对,错,"","","",A,13
390,党的政治纪律是各级党组织和全体党员在政治方向、政治立场、政治言论和政治行为方面必须遵守的规则，是维护党的团结统一的根本保证。,对,错,"","","",A,4
391,党的工作纪律是党员在日常生活和社会交往中应当遵守的行为规则，涉及党员个人品德、家庭美德、社会公德等各个方面，关系党的形象。,对,错,"","","",B,7
392,对党员的纪律处分主要有以下5种：（1）警告；（2）严重警告；（3）撤销党内职务；（4）留党察看；（5）开除党籍。,对,错,"","","",A,10
393,留党察看最长不超过两年。党员在留党察看期间有表决权、选举权和被选举权。,对,错,"","","",B,9
394,《关于新形势下党内政治生活的若干准则》强调，实事求是、群众路线、独立自主是中国共产党的三大优良作风。,对,错,"","","",B,6
395,推进党的作风建设，核心是保持党同人民群众的血肉关系。,对,错,"","","",A,10
396,批评和自我批评是我们党强身治病，保持肌体健康的锐利武器，也是加强和规范党内政治生活的重要手段。,对,错,"","","",A,10
397,加入中国国籍的外国公民也能申请加入中国共产党。,对,错,"","","",B,4
398,吸收其他社会阶层的优秀分子入党，允许新的社会阶层中的优秀分子包括私营企业中的优秀分子入党，并不是毫无原则地敞开大门，谁想进来就进来，或者不想进来硬拉进来。,对,错,"","","",A,13
399,党的纲领是统一全党思想和行动的最高准则，它包括党的性质，党的指导思想，党的最终目标，党在当前历史阶段的总任务和基本政策，以及党的建设的基本要求等。,对,错,"","","",A,11
400,党的章程，是党的最高行为规范，是党内政治生活和处理个人与组织、组织与组织关系的基本准则。,对,错,"","","",A,6
401,如果对党的决议有不同意见，可以向党的上级组织直至中央委员会反映，也可以在行动上不服从和执行。,对,错,"","","",B,8
402,中国特色社会主义共同理想，是中国共产党人的精神支柱和政治灵魂，也是保持党的团结统一的思想基础。,对,错,"","","",A,2
403,十九大党章第一章第三条明确规定了党员必须履行的九项义务。,对,错,"","","",B,7
404,十九大党章第一章第四条规定了党员应享有的九项权利。,对,错,"","","",B,6
405,在党组织讨论决定对党员的党纪处分或作出鉴定时，本人没有权力参加和进行申辩，但其他党员可以为他作证和辩护。,对,错,"","","",B,6
406,共产党员要始终做到个人利益服从党和人民的利益。,对,错,"","","",A,8
407,在党的会议上，所有参加会议有表决权的正式党员既可投赞成票，也可投反对票，还可投弃权票。,对,错,"","","",A,12
408,党组织收到入党申请书，应当在三个月内派人同入党申请人谈话，了解基本情况。,对,错,"","","",B,10
409,对入党积极分子的考察期，自党支部确定其为入党积极分子之日算起。,对,错,"","","",A,13
410,党支部对入党积极分子的培养教育和考察情况，要及时如实地填写在《入党积极分子培养考察登记表》中。每半年要对要求入党的积极分子进行一次考察，每次考察情况要填入入党积极分子考察表。,对,错,"","","",A,10
411,成为党组织确定的入党积极分子，并经过两年以上培养教育和考察、基本具备党员条件。,对,错,"","","",B,12
412,大学生入党积极分子应当及时向党组织汇报自己的学习、生活、思想状况，主动的递交思想汇报，一般要求每个季度一份，半年二次总结。,对,错,"","","",A,7
413,根据《中国共产党发展党员工作细则》的规定，确定发展对象的程序一般如下：1、党小组、培养联系人向党支部汇报培养对象的状况，提出推荐名单；2、党支部审核材料，听取党员和群众意见；确定拟发展对象；3、确定入党介绍人；4、院系党总支（分党委）审核、政审并公示。,对,错,"","","",A,7
414,上级党组织在审批接收新党员前，要指派党委组织委员、组织员或其他党委成员（2人以上）同发展对象谈话，作进一步的考察。,对,错,"","","",A,6
415,十九大党章规定：预备党员的预备期，从支部大会通过他为预备党员之日算起。,对,错,"","","",A,9
416,预备党员面对党旗进行入党宣誓，是发展党员工作的必要程序。,对,错,"","","",A,4
417,入党宣誓仪式，一般由党小组组织举行入党宣誓仪式。,对,错,"","","",B,8
418,入党宣誓可以在预备期内进行，也可以放在转正后举行。,对,错,"","","",B,7
419,大学生预备党员的教育方法有（1）集中培训（2）个别谈心（3）自我教育（4）实践考察。,对,错,"","","",A,5
420,群众监督是大学生预备党员考察最普遍的形式。,对,错,"","","",A,8
421,自我汇报是大学生预备党员定期或者不定期向组织汇报个人思想、学习、工作各方面的具体情况，及时总结经验、查找不足、发扬优点，是考察大学生预备党员的关键因素。按照汇报方式的不同，可分为书面汇报和口头汇报两种。,对,错,"","","",A,13
422,支部大会通过接收的预备党员，经过上级党组织批准才能生效。,对,错,"","","",A,11
423,从支部大会通过到上级党组织批准这一段时间内，预备党员也可以参加党的组织生活。,对,错,"","","",B,9
424,预备党员在预备期满前三个月时间左右，应主动向党组织提出转正申请，把自己在预备期期间的表现和优缺点向党支部作出比较系统、全面的书面汇报。,对,错,"","","",B,8
425,端正入党动机，是争取入党的首要问题。,对,错,"","","",A,11
426,中国共产党历来重视党风建设，在长期的革命和建设事业中，形成了理论联系实际、密切联系群众、批评和自我批评的优良传统和作风。,对,错,"","","",A,9
427,党的纪律是党的各级组织和全体党员必须遵守的政治生活准则和言行规范。,对,错,"","","",A,11
428,广大党员、干部要成为实践社会主义核心价值体系的模范，做共产主义远大理想和中国特色社会主义共同理想的坚定信仰者、科学发展观的忠实执行者、生态文明的努力推进者。,对,错,"","","",A,5
429,社会主义核心价值观就是“富强、民主、文明、和谐，自由、平等、公正、法治，爱国、敬业、诚信、友善”。,对,错,"","","",A,14
430,把精神文明建设放在突出地位，融入经济建设、政治建设、文化建设、社会建设各方面和全过程，努力建设美丽中国，实现中华民族永续发展。,对,错,"","","",B,5
431,党中央决定，2016年在全体党员中开展“学党章党规、学系列讲话，做合格党员”学习教育活动，这是深化党内教育做出的又一重要部署。,对,错,"","","",A,2
432,《中国共产党廉洁自律准则》、《中国共产党纪律处分条例》等党内法规高于国家法律。,对,错,"","","",B,11
433,共产党员要做到“四讲四有”，即做到讲政治、有信念，讲规矩、有纪律，讲道德、有品行，讲奉献、有作为。,对,错,"","","",A,8
434,习近平新时代中国特色社会主义思想是中国特色社会主义理论体系的重要组成部分，是全党全国人民为实现中华民族伟大复兴而奋斗的行动指南，必须长期坚持并不断发展。,对,错,"","","",A,8
435,中国特色社会主义进入新时代，我国社会主要矛盾已经转化为人民日益增长的美好生活需要和不平衡不充分的发展之间的矛盾。,对,错,"","","",A,10
436,在组织上入了党，思想上也就入了党。,对,错,"","",,B,19
437,马克思主义是过时的理论。,对,错,"","","",B,14
438,发展党员必须坚持入党自愿原则。,对,错,"","","",A,12
439,预备党员可以不履行党员义务。,对,错,"","","",B,18
440,党员有退党的自由。,对,错,"","","",A,8
441,党的下级组织必须坚决执行上级组织的决定。,对,错,"","","",A,18
442,留党察看是党内的最高处分。,对,错,"","","",B,12
443,党除了工人阶级和最广大人民群众的利益，没有自己特殊的利益。,对,错,"","","",A,14
444,共产党员只对党组织负责，不需要对群众负责。,对,错,"","","",B,15
445,理论联系实际是马克思主义的学风。,对,错,"","","",A,13
446,党章是党的根本大法。,对,错,"","","",A,8
447,预备党员预备期满，自动成为正式党员。,对,错,"","","",B,8
448,预备党员的权利同正式党员一样。,对,错,"","","",B,12
449,马克思主义具有与时俱进的理论品质。,对,错,"","",,A,16
450,党员如果没有正当理由，连续一年不交纳党费，就被认为是自行脱党。,对,错,"","","",B,5
451,承认党的纲领和章程，愿意参加党的一个组织并在其中积极工作、执行党的决议和按期交纳党费的可以申请加入中国共产党。,对,错,"","","",A,8
452,端正入党动机，是坚持党性的需要、是要求入党者肩负使命、提高个人素质的客观需要。,对,错,"","","",A,10
453,民主集中制是民主基础上的集中和集中指导下的民主相结合的制度。,对,错,"","","",A,9
454,中国共产党是靠革命理想和铁的纪律组织起来的马克思主义政党。,对,错,"","","",A,8
455,入党积极分子培养对象，一般每6个月向党组织提交一份思想汇报材料。,对,错,"","","",B,8
456,只有献身共产主义事业，为实现共产主义理想而要求入党，才是唯一正确的入党动机。,对,错,"","","",A,9
457,党组织讨论问题必须坚持的原则是下级服从上级原则。,对,错,"","","",B,11
458,中国共产党领导全国各族人民，经过长期的反对帝国主义、封建主义、官僚资本主义的革命斗争，取得了社会主义革命的胜利。,对,错,"","","",B,4
459,党章规定，党组织对违犯党的纪律的党员一律开除党籍。,对,错,"","","",B,12
460,党员主体地位阐明了党员的权利与义务是完整统一的。,对,错,"","","",A,8
461,党必须在宪法和法律的范围内活动。,对,错,"","",,A,9
462,改革、发展和稳定三者之间相互依存，互为条件。其中发展是目的，改革是动力，稳定是前提。,对,错,"","","",A,8
463,中国共产党坚持把马克思主义基本原理同中国具体实际结合起来，在推进马克思主义中国化的历史进程中形成了四大理论成果。,对,错,"","","",B,7
464,政党的党风问题，关系到党的性质会否变质，党的先进性能否得以保持。,对,错,"","","",A,9
465,党员有参加党的有关会议，阅读党的有关文件，接受党的教育和培训的权力。,对,错,"","","",A,13
466,党员有在党的会议上和党报党刊上，参加关于党的政策问题的讨论的权力。,对,错,"","","",A,5
467,普通党员没有被选举权。,对,错,"","","",B,13
468,党的领导地位是历史和人民的必然选择。,对,错,"","","",A,8
469,党风问题，归根到底是党与群众的关系问题。,对,错,"","","",A,11
470,预备党员的权力同正式党员一样，都有选举权、被选举权和表决权。,对,错,"","","",B,15
471,发展党员，必须经过党的支部，坚持个别吸收的原则，同时必须由3名正式党员作入党介绍人。,对,错,"","","",B,10
472,1948年2月在英国伦敦首次出版的《共产党宣言》标志着马克思主义的诞生。,对,错,"","","",B,12
473,十九大报告指出：从2020年到本世纪中叶可以分两个阶段来安排：第一个阶段，从二〇二〇年到二〇三五年，在全面建成小康社会的基础上，再奋斗十五年，基本实现社会主义现代化。第二个阶段，从二〇三五年到本世纪中叶，在基本实现现代化的基础上，再奋斗十五年，把我国建成富强民主文明和谐美丽的社会主义现代化强国。,对,错,"","","",A,6
474,坚持四项基本原则，最核心的一条是坚持马列主义毛泽东思想。,对,错,"","","",B,8
475,我国社会主义的政党制度是一党制。,对,错,"","","",B,8
476,党的十七届六中全会在集中全党智慧的基础上，阐述了中国特色社会主义文化发展道路，确立了建设社会主义教育强国的战略目标。,对,错,"","","",B,10
477,八七会议和第七次代表大会是中国共产党历史上的两个伟大转折点。,对,错,"","","",B,7
478,党的民主集中制的“四个服从”是指：个人服从组织、下级服从上级、党员服从干部、全党服从中央。,对,错,"","","",B,6
479,党员对党组织的决议和政策如有不同意见，可以不执行，也可以申明保留。,对,错,"","","",B,13
480,预备党员取消预备资格是一种党纪处分。,对,错,"","","",B,6
481,党的纪律处分有五种：警告、严重警告、撤销党内职务、留党察看、开除党籍。,对,错,"","","",A,7
482,学习党章，就要加强党的意识和党性观念。,对,错,"","","",A,9
483,认真学习文化、专业、科学知识，争取优异的成绩，也是入党的重要条件。,对,错,"","","",A,13
484,端正入党动机，不是入党前一时的问题，而是一辈子的事情，要活到老，学到老，改造到老。,对,错,"","","",A,7
485,党性是一个政党固有的本质特性，是政党阶级性的最高、最集中的表现。,对,错,"","","",A,9
486,中国共产党是优秀的党组织，其党员有着与生俱来的先进性。,对,错,"","","",B,10
487,我们党的最大政治优势是密切联系群众，党执政后的最大危险是脱离群众。党风问题是关系党生死存亡的问题。,对,错,"","",,A,13
488,中国共产党党员永远是劳动人民的普通一员。除了法律和政策规定范围内的个人利益和工作职权以外，所有共产党员都不得谋求任何私利和特权。,对,错,"","","",A,12
489,着力建设资源节约型、环境友好型社会，形成节约资源和保护环境的空间格局、产业结构、生产方式、生活方式，为人民创造良好生产生活环境，实现中华民族永续发展。,对,错,"","","",A,5
490,纪律面前人人平等、遵守纪律没有特权、执行纪律没有例外。,对,错,"","","",A,6
491,加强和改进党的作风建设，核心问题是反对腐败。,对,错,"","","",B,6
492,党章规定党的各级纪律检查委员会是维护党的章程和其他党内法规，检查党的路线方针政策和决议的执行情况，协助党的委员会加强党风建设和组织协调反腐败工作的专门机构。,对,错,"","","",A,6
493,两种制度是两岸关系的政治基础。,对,错,"","","",B,14
494,我们有坚定的意志、充分的信心、足够的能力挫败任何形式的“台独”分裂图谋。我们绝不允许任何人、任何组织、任何政党、在任何时候、以任何形式、把任何一块中国领土从中国分裂出去。,对,错,"","","",A,11
495,党的作风是指党的各级组织和每个党员在作风和生活等各方面表现出来的一贯态度和行为，是党的性质、宗旨、纲领、路线的重要体现。,对,错,"","","",A,16
496,党章是我们党的根本法规和行动准则，它集中反映了全党的共同理想和意志。,对,错,"","","",A,5
497,维护党章和其他党内法规是党的纪律检查机关的一项基本任务。,对,错,"","","",A,10
498,检查党的路线、方针、政策和决议的执行情况也是纪律检查机关的重要任务。,对,错,"","","",A,7
499,协助党委加强党风建设和组织协调反腐败工作，是新时期党赋予纪律检查机关的重要任务。,对,错,"","","",A,9
500,支部在正式党员较少的情况下，可指派预备党员作入党介绍人。,对,错,"","","",B,3
501,凡积极要求入党并写了入党申请书的人，都可以确定为入党积极分子。,对,错,"","","",B,11
502,中国共产党自诞生之日起，就把共产主义写在自己的旗帜上，确立为自己的指导思想。,对,错,"","","",B,9
503,毛泽东思想一方面完全是马克思主义的，另一方面又完全是中国的。,对,错,"","","",A,6
504,中国共产党坚持把马克思主义基本原理同中国具体实际结合起来，在推进马克思主义中国化的历史进程中产生的两大理论成果是毛泽东思想和邓小平理论。,对,错,"","","",B,11
505,解放思想、实事求是、与时俱进是马克思主义的精髓。,对,错,"","","",A,9
506,十九大最大的理论贡献和突出亮点，就是提出全面建成小康社会。,对,错,"","","",B,7
507,就业是最大的民生。,对,错,"","","",A,13
508,党的基本路线的核心内容是坚持改革开放。,对,错,"","","",B,8
509,党的基本路线是在对建国以来特别是十一届三中全会以来历史经验的科学总结的基础上提出来的。,对,错,"","","",A,10
510,我国的社会主义建设必须从我国的基本国情出发。,对,错,"","","",A,9
511,根据马克思和恩格斯对共产主义社会的论述，共产主义社会是社会生产力高度发展，物质财富极大丰富的社会。,对,错,"","","",A,6
515,（）是马克思主义中国化最新成果,习近平新时代中国特色社会主义思想,“三个代表”重要思想,科学发展观,"","",A,7
535,一个国家是两岸关系的政治基础。,对,错,"","","",A,11
537,十九大最大的理论贡献和突出亮点，就是提出基本实现社会主义现代化。,对,错,"","","",B,6
538,发展是最大的民生。,对,错,"","","",B,8
539,中国特色社会主义最本质的特征是中国共产党领导，中国特色社会主义制度的最大优势是中国共产党领导。,对,错,"","","",A,3
540,中国共产党第一次全国代表大会于（）在上海举行。,1921年7月1日,1921年7月23日,1921年7月31日,"","",B,3
541,党的（）上诞生了我们党历史上的第一部党章。,中共一大,中共二大,中共三大,"","",B,5
543,把工人、农民、军人、知识分子以外的其他社会阶层中的先进分子吸收到党内来，有利于增强党的（），扩大党的（）。,阶级基础；群众基础,群众基础；政治基础,政治基础；群众基础,"","",A,5
545,共产党员既是工人阶级的具有共产主义觉悟的先锋战士，又是劳动人民的普通一员，二者之间是（）。,矛盾的,统一的,有区别的,"","",B,5
547,我们党的最大政治优势和党执政后最大的危险是（）。,密切联系群众脱离群众,统一战线执政能力不强,集体领导个人集中,"","",A,5
548,党员作为批评主体，其批评客体或者说被批评的对象是（）。,有限制的,没有限制的,有时有限制，有时没有限制,"",,B,5
550,党纪处分，是指党组织对犯错误的党员，按照（）和党章规定作出的处罚决定。,情节轻重,认错态度,具体身份,"","",A,4
551,《关于党内政治生活的若干准则》指出，党内真正实行（），才有可能建立起在党员和群众中有威信的强有力的领导班子。,民主决策,民主选举,民主管理,民主投票,"",B,4
552,《关于党内政治生活的若干准则》要求，对待思想上理论上的是非，只能采取（）的办法求得解决，决不能采取压服的办法。,领导班子集体决定,群众投票,少数服从多数,摆事实、讲道理、民主讨论,"",D,1
553,《关于党内政治生活的若干准则》指出，忠于党和人民的事业，（），光明磊落，表里如一，是共产党人应有的品质。,说老实话，做老实事，当老实人,忠诚坦白,尊重事实,不讲假话,"",A,5
554,党的全国代表大会每（）年举行一次，由中央委员会召集。,3,4,5,2,"",C,7
555,十七大报告指出我们要在（）年实现全面建成小康社会的奋斗目标。,2010,2020,2030,2050,"",B,6
556,党员的党龄从（）之日算起。,从预备期满转为正式党员,支部大会通过他为预备党员,递交入党申请,递交入党申请一年后,"",A,2
558,入党积极分子至少应该经过党组织（)的培养、教育和考察，才能确定为发展对象。,一年,3个月,6个月,两年,"",A,4
560,党员如果没有正当理由、连续（）没有参加组织生活或不交纳党费，或不做党所分配的工作，就被认为是自行脱党。,一年,3个月,6个月,两年,"",C,4
561,（）是党的根本宗旨。,全心全意为人民服务,“三个代表”重要思想,学习实践科学发展观,解放思想，实事求是,"",A,4
562,毛泽东思想的精髓是（）。,实事求是,武装斗争,群众路线,"","",A,3
563,中国共产党的根本组织原则是,"少数服从多数,下级服从上级",党的代表大会制度和各级党委领导制,民主集中制,"","",C,2
564,社会主义的根本任务是,不断提高人民的生活水平,发展社会生产力,巩固无产阶级专政,"","",B,3
565,邓小平理论的精髓是（）。,一个中心，两个基本点,解放思想，实事求是,什么是社会主义，怎样建设社会主义,"","",B,8
566,党员对党的决议有不同意见时，最正确的方法是（）。,声明保留，向上级反映，待上级复议后再坚决执行,在坚决执行的前提下，声明保留，并向上级组织反映,发动其他党员和群众，广泛与他们交换意见,"","",B,3
567,除了（）的个人利益和工作职权以外，所有共产党员都不得谋求任何私利和特权。,法律和政策规定范围内,合理,必要,"","",A,4
568,党按照（）的原则选拔干部。,群众公认,德才兼备,任人唯亲,"","",B,6
569,发展党员必须坚持入党自愿的的原则和（）的原则。,领导决定,集体加入,个别吸收,"","",C,5
570,我国正处于并将长期处于社会主义初级阶段，这个不可逾越的历史阶段，至少需要（）以上的时间。,50年,100年,150年,"","",B,5
571,十一届三中全会召开于（）。,1979年12月,1980年12月,1978年12月,"","",C,4
572,党章规定，凡有正式党员（）人以上的，都应当成立党的基层组织。,3,5,10,"","",A,6
573,解放思想、实事求是、与时俱进，是中国共产党的（）。,思想路线,政治路线,组织路线,"","",A,5
574,中华人民共和国建立，标志着我国从半殖民地半封建社会进入到（）。,社会主义社会,资本主义社会,新民主主义社会,"","",C,5
575,党组织讨论决定问题，必须执行（）的原则。,投票表决,少数服从多数,首长负责制,"","",B,6
576,党的领导主要是（）、思想和组织的领导。,作风,文化,政治,"","",C,3
577,党的组织领导是指党按照（），建立健全党的组织，培养、选拔、使用和监督党员干部。,民主、集中原则,公开、公平原则,民主集中制原则、组织制度,组织制度、公开公平原则,"",C,3
578,党的思想路线的内容是（）。,全心全意为人民服务,一切从实际出发，理论联系实际，实事求是，在实践中检验和发展真理,坚持四项基本原则,加强党的思想领导,"",B,5
579,是中国共产党在新中国成立以后第一次举行的全国代表大会。,六大,七大,八大,九大,"",C,4
580,不足（）正式党员的支队级单位召开党员大会进行换届选举。,150名,200名,250名,300名,,B,2
581,民主生活会的实施步骤是（）。,专题学习、征求意见、自我批评、互相批评、总结经验,专题学习、自我剖析、互相批评、总结归纳、研究整改,征求意见、专题学习、自我批评、开展批评、总结经验,征求意见、专题学习、自我剖析、开展批评、研究整改,"",D,4
582,常委会由（）选举产生，报上一级党委批准。,党代表大会,全委会,党员大会,党代表会议,"",B,6
583,党支部通过决议，应当召开支部委员会或支部党员大会，（）用个别征求意见的方式。,能,不能,还可以,特殊情况下,"",B,1
584,党纪处分（）正式党员。,也可以用于,不适应于,只适用于,一般用于,"",C,6
585,外出时间（）个月以上的党员，应当采取书面形式向党支部或者党小组汇报思想和工作情况。,一,二,三,六,"",C,3
586,党的支部委员会是由支部党员大会（）选举产生的。,等额,差额,投票,公开,"",B,5
587,对于外出的党员，如果确实不能参加民主评议活动，党员应该写出（），寄给支部。,个人总结,对其他党员评议,请假理由,情况说明,"",A,4
588,党的基层委员会由（）差额选举产生。,基层党员大会,党的代表会议,基层干部大会,"","",A,7
589,一般情况下，召开党委全会至少提前一周，召开常委会至少提前（）天将会议的议题和预案印发委员。,1天,2天,3天,4天,"",B,7
590,党的委员会制度的实质和根本是（）。,贯彻落实党委的决议决定,个人分工负责,严格执行一人一票的表决制,集体领导,"",D,5
591,党的各级代表大会代表实行（）。,常任制,任期制,委任制,授权制,"",B,3
592,党员如果没有正当理由，连续（）月不交纳党费，被认为自行脱党。,3个,6个,8个,9个,"",B,2
593,中国共产党最早的组织是由（）等发起，在上海首先建立的。,陈独秀,李大钊,毛泽东,"","",A,3
594,对入党积极分子进行（）是党支部的主要任务之一。,选取和培训,教育和培养,考察和帮教,教育和疏导,"",B,4
595,支部委员会讨论决定单位的重大问题时遵循的原则是（）。,个人服从组织,少数服从多数,下级服从上级,民主集中制,"",B,3
596,党小组是党支部的（）部分，但不是党的一级组织。,组成,附设,基础,补充,"",A,5
597,支部党员大会的议题由（）研究确定的。,书记,副书记,党小组会,支部委员会,"",D,7
598,在党章规定的“四个服从”中最重要的是（）。,党员个人服从党的组织,少数服从多数,下级组织服从上级组织,全党各级组织和全体党员服从党的全国代表大会和中央委员会,,D,5
599,基层党支部直接（）和具体管理党员的活动。,负责,监督,领导,组织,"",C,6
600,全委会的议题由（）确定。,常委会,书记,副书记,书记和副书记研究,"",A,2
601,支部委员会表决事项以赞成票超过（）为通过。,应到会委员人数的半数,实到会委员人数的半数,应到会委员人数的三分之,实到会委员人数的三分之二,"",A,6
602,党员的党龄，从预备期满转为（）之日算起。,预备党员,正式党员,入党积极分子,填写入党志愿书,"",B,3
603,全委会、常委会会议必须有（）以上委员到会方可举行。,二分之一,三分之二,五分之四,四分之三,"",B,5
604,全委会表决重要事项以赞成票超过应到会委员人数的（）为通过,二分之一,三分之一,三分之二,五分之三,"",A,8
605,同级党组织中的最高监督机关是（）。,党的委员会,党的代表大会,党的纪律检查委员会,党的民主生活会,"",B,3
606,是本级党委日常工作的主持者。,党委书记,党委副书记,政治委员,常委会,"",A,7
607,党委会和常委会的名额，由（）决定。,上一级党委,前一届党委,党员大会,党代表大会,"",A,6
608,对入党积极分子经过（）以上培养教育和考察，经支部委员会集体讨论同意，将其确定为发展对象。,半年,一年,两年,半年或一年,"",B,4
609,临时党支部的党员接受临时党支部的领导，同时与原所在单位党支部保持（）关系。,监督与被监督,从属,隶属,组织,"",C,4
610,支部委员会作出的决议和决定，支部党员大会有权（）。,撤销,重新作出决定,修改或否定,裁决,"",C,4
611,党员在留党查看期间，有（）的权利。,表决,选举,被选举,过组织生活,"",D,3
612,是发挥党的代表大会职能的最起码的保证和条件。,充分发扬民主,定期召开党的代表大会,严格执行选举程序,严格控制代表名额,"",B,5
613,团支部委员会坚持民主集中制的原则，实行（）。,统一领导,集体领导,全面领导,垂直领导,"",B,5
614,民主讨论过程中党委成员要注意强化“四种观念”（）。,平等观念、群众观念、全局观念、职责观念,平等观念、全局观念、职责观念、纪律观念,平等观念、群众观念、职责观念、纪律观念,平等观念、群众观念、全局观念、纪律观念,"",A,6
616,中国共产党是中国特色社会主义事业的领导核心，是（）利益的忠实代表。,中国人民,工人阶级,无产阶级,"","",A,3
617,中国共产党人的最终奋斗目标是实现（）。,社会主义高级阶段,全面小康社会,共产主义,"","",C,5
618,中共总结革命胜利的三大法宝，除统一战线和武装斗争以外，还有（）。,党的领导,实事求是,理论联系实际,"","",A,6
619,执政党的（），关系党的形象，关系党和人民事业成败。,执行力,公信力,党风,"","",C,3
620,加强和改进党的建设，一定要把思想建设、组织建设和（）有机结合起来，把制度建设贯穿其中，既立足于做好经常性工作，又抓紧解决存在的突出问题。,作风建设,政治建设,廉政建设,"","",A,2
621,《中国共产党章程》中规定，对党员的处分有5种，对党组织的处分有（）种。,1,2,3,4,"",B,3
622,“改善党的领导，其中最主要的就是加强思想政治工作。”这一重要论断是由（）提出的。,毛泽东,邓小平,江泽民,胡锦涛,"",B,2
623,以下哪部党章是我们党历史上唯一一次不是由党的代表大会通过的党章。,《中国共产党纲领》,《中国共产党第一次修正章程》,《中国共产党第二次修正章程决案》,《中国共产党第三次修正章程决案》,"",D,2
625,党的先进性是（)。,具体的历史的,一成不变的,抽象的,随着时间的推移变化的,"",A,6
626,党章规定什么样的人面向党旗宣誓（)。,申请入党的人,预备党员,正式党员,优秀党员,"",B,5
627,党的纪律处分有（)。,警告、严重警告、撤销党内外一切职务、留党察看、开除党籍,警告、严重警告、撤销党内职务、留党察看、开除公职,警告、严重警告、撤销党内职务、留党察看、开除党籍,警告、严重警告、撤销党外职务、留党察看、开除党籍并开除公职,"",C,4
628,党的最高领导机关是（)。,党的中央委员会,党的全国代表大会和它所产生的中央委员会,党的各级委员会,党的各级代表大会,"",B,5
629,党是根据自己的纲领和章程，按照（）组织起来的统一整体。,民主法制,民主集中制,民主分工,个人分工,"",B,3
630,中国共产党以（）作为自己的行动指南。,马列主义、毛泽东思想,邓小平理论,三个代表重要思想,以上都是,"",D,6
631,党要实现共产主义必须在社会主义社会（）才能实现。,充分民主和人人平等,充分发展和高度发达,充分民主和高度发达,充分发展和人人平等,"",B,2
632,十一届三中全会以来，实现了全党工作中心向（）的转移。,民主建设,法制建设,政治建设,经济建设,"",D,3
633,我党的各项工作都要把有利于（）作为总的出发点和检验标准。,发展社会主义社会的生产力,增强社会主义国家的综合国力,提高人民的生活水平,上述都是,"",D,1
634,党章指出，到建党一百年时，建成惠及（）人口的更高水平的小康社会。,几亿,十亿,十几亿,几十亿,"",C,2
635,党章指出，中国共产党领导人民发展社会主义民主政治，建设社会主义（）。,物质文明,精神文明,民主文明,政治文明,"",D,5
636,我们要坚持（）、从严治党，发扬党的优良传统和作风。,与时俱进,开拓创新,党要管党,民主集中制,"",C,2
637,党必须按照总揽全局、（）的原则，在同级各种组织中发挥领导核心作用。,统筹兼顾,协调各方,高瞻远瞩,宏观调控,"",B,2
638,党员必须坚持党和人民利益高于一切，吃苦在前，享受在后，（），多做贡献。,克己奉公,廉洁自律,艰苦奋斗,艰苦创业,"",A,1
639,党员要切实开展（），勇于揭露和纠正工作中的缺点、错误，坚决同消极腐败现象作斗争。,自我反省,民主生活会,自我教育,批评与自我批评,"",D,5
640,党员有（），选举权，被选举权。,参与权,建议权,否决权,表决权,"",D,3
641,发展党员，必须经过党的支部，坚持（）的原则。,集中吸收,个别吸收,广泛吸收,统一吸收,,B,4
642,申请入党的人，要填写入党志愿书，要有（）名正式党员作介绍人。,1,2,3,4,"",B,6
644,预备党员必须面向（）进行入党宣誓。,党支部所有成员,党旗,党徽,支部书记,"",B,4
645,党章指出，党的上下级组织之间要互通情报、互相支持和（）。,互相监督,互相批评,互相促进,互相提醒,,A,2
646,党员预备期满，具备条件的，可以按期转正，但是需要继续考察和教育的，可以延长预备期，但不能超过（）。,半年,一年,一年半,两年,"",B,4
647,党的中央委员会总书记由（）选举产生。,中央委员会全体,中央政治局,中央政治局常务委员会,"","",A,11
648,党组织对违犯党的纪律的党员，应当本着（）精神，按照错误性质和情节轻重，给以批评教育直至纪律处分。,惩前毖后、治病救人,坦白从宽、抗拒从严,团结-批评-团结,实事求是,"",A,2
649,党的各级纪律检查委员会的主要任务是：维护党的章程和其他党内法规，检查党的路线、方针、政策和决议的执行情况，协助党的委员会加强党风建设和组织协调（）工作。,经济,精神文明建设,反腐败,党内监督,"",C,2
650,中国共产党党徽为镰刀和（）组成的图,斧头,火炬,五星,锤头,"",D,3
651,是党一贯坚持的马克思主义学风，是党具有旺盛创造力的关键所在。,理论联系实际,求真务实,解放思想,实事求是,"",A,5
652,党员组织关系介绍信是党员政治身份的证明，介绍信的有效期一般不超过（）。,一个月,三个月,半年,一年,,B,4
653,1978年召开的党的（），是建国以来我党历史上具有深远意义的伟大转折。,十一届三中全会,十一届六中全会,中共中央工作会议,"","",A,7
654,中国共产党的宗旨是（）。,坚持党的基本路线和基本纲领不动摇,实现社会主义现代化,全心全意为人民服务,"","",C,2
655,党章规定，发展党员，必须经过（），坚持个别吸收原则。,党小组,党的支部,党委,"","",B,2
656,我们党受（）的委托行使领导国家的权力的,人民群众,政府,共产党员,"",,A,4
657,是党的生命，对人民民主具有重要的示范和带动作用。,党内民主,发展经济,求真务实,"","",A,5
658,党按照（）原则选拔干部。,德才兼备,重德轻才,重才轻德,"","",A,5
659,我们党的最大政治优势是（），党执政后的最大危险（）。,密切联系群众；脱离群众,统一战线；执政能力不强,集体领导；个人集中,"","",A,4
660,预备党员的预备期为（）。,三个月,六个月,十二个月,"","",C,4
661,党的先进性，党员与一般群众的根本区别，就在于党员具有高度的（）。,组织纪律,共产主义觉悟,历史使命感与责任感,"","",B,4
662,入党积极分子要（）向党组织汇报思想、工作和学习情况。,主动,根据客观需要,在组织安排下,"","",A,7
664,“建设有中国特色社会主义”这一科学命题是邓小平在（）上提出的。,党的十一届三中全会,党的十三大,党的十二大,"","",C,5
665,中国共产党是（）的领导核心。,中国人民解放事业,中华人民共和国,中国社会主义事业,"","",C,3
666,党的领导主要是（)。,政治、思想和组织的领导,路线、方针、政策的领导,理论、宣传和精神文明建设的领导,"","",A,2
667,党风问题、党同人民群众联系问题是关系到党的（)的问题。,生死存亡,领导地位,兴衰成败,"","",A,5
668,应当用党的基本路线和爱国主义、集体主义和社会主义思想教育党员和人民群众增强（)精神。,爱党、爱祖国、爱人民,有理想、有道德、有文化、有纪律,民族自尊、自信和自强,"",,C,4
669,毛泽东首次明确提出“新民主主义革命”这一科学概念的著作是（）。,《〈共产党人〉发刊词》,《中国革命和中国共产党》,《新民主主义论》,《论联合政府》,"",B,4
671,党的全国代表大会由（）召集。,中央委员会,中央政治局,中央政治局常委会,"","",A,2
672,中国共产党坚持实行和不断完善（)制度，积极培养、选拔少数民族干部，帮助各少数民族地区发展经济、文化，实现各民族的共同繁荣和全面进步。,民族区域自治,人民代表大会,共产党领导的多党合作,"","",A,2
673,现阶段我们党的统一战线是在中国共产党领导下由全体社会主义劳动者、拥护社会主义的爱国者、拥护（）的爱国者组成的最广泛的爱国统一战线。,祖国统一,世界和平,中国特色社会主义,"",,A,3
674,共产党员必须为实现（)奋斗终身。,建设有中国特设的社会主义,全世界革命的胜利,共产主义,"","",C,5
675,党员有权要求（)不称职干部。,罢免,罢免或撤换,开除,"","",B,5
676,党员有对党的工作提出（)的权利。,批评,建议,建议和倡议,"","",C,6
677,邓小平同志对社会主义本质的概括是在（)提出的。,党的十二大,党的十三大,1992年初视察南方时谈话中,"","",C,3
678,党的（)是党的各级组织和全体党员必须遵守的行为规则。,组织原则,纪律,党章,"","",B,8
679,党章规定留党察看最长不超过（)年。,二,一,三,"","",A,2
680,建设有中国特色的社会主义理论的精髓是（)。,解放思想、实事求是,实现共同富裕,解放和发展生产力,"","",A,3
681,党的纪律是维护（)，完成党的任务的保证。,党的利益,党的团结统一,全党一致,"","",B,5
682,党按照德才兼备的原则选拔干部，坚持任人唯贤，反对任人唯亲，努力实现干部队伍的（)。,不断更新,新老交替,革命化、年轻化、知识化、专业化,"","",C,3
683,我国还处在社会主义初级阶段是对我国（)做出的科学论断。,基本国情,社会主要矛盾,所处的国际环境,"","",A,3
684,（）是发展中国特色社会主义的强大动力。,科学发展,改革开放,社会和谐,"","",B,8
685,中国共产党党员标准主要是由（）决定的。,党的工人阶级先锋队性质,党的代表性,党的革命性,"","",A,4
686,是毛泽东建党思想的主要特色。,着重从思想上建党,党的建设必须紧密联系党的政治路线来进行,必须注重党的作风建设,"","",A,4
687,邓小平提出，加强党的监督，一是党内的监督，二是群众的监督，三是民主党派和无党派人士的监督，但最直接的监督是（）。,党内监督,群众的监督,民主党派和无党派人士的监督,"","",A,3
688,"毛泽东指出：""党内不同思想的对立和斗争是经常发生的，这是社会的阶级矛盾和新旧事物的矛盾在党内的反映。党内如果没有矛盾和解决矛盾的思想斗争，党的生命也就停止了。这段话说明党内斗争产生的（）。",经济根源,社会根源和认识根源,阶级根源,"","",B,7
689,从严治党，是保持党的先进性和（），增强党的凝聚力和战斗力的保证。,革命性,代表性,纯洁性,"","",C,3
690,科学发展观的第一要义是（）。,发展,改革,科学,"","",A,4
693,年满（）岁的中国工人、农民、军人、知识分子和其他社会阶层先进分子可以申请加入中国共产党。,18,16,25,"",,A,3
694,党的十七大把（）写入《党章》。,科学发展观,可持续发展观,快速发展观,"","",A,1
695,劝党员退党，应当经（）讨论通过，并报（）批准。,支部大会上级党组织,上级党组织支部大会,党小组党支部,"","",A,2
696,是增强党的创新活力、巩固党的团结统一的重要保证。,党内民主,创新,教育,"","",A,5
697,中国共产党的最高理想和最终目标是（）。,实现共产主义,实现共产主义社会制度,实现中国特色社会主义宏伟目标,"",,A,5
698,马克思列宁主义揭示了人类社会历史发展的规律，它的基本原理是正确的，具有强大的（）。,发展空间,生命力,创新性,"","",B,7
699,我国正处于并将长期处于社会主义初级阶段。这是在经济文化落后的中国建设社会主义现代化（），需要上百年的时间。,可以逾越的历史阶段,不可逾越的历史阶段,不得不逾越的历史阶段,"","",B,2
700,中国共产党要领导全国各族人民实现社会主义现代化的宏伟目标，必须紧密围绕党的基本路线，加强党的（），以改革创新精神全面推进党的建设新的伟大工程。,执政能力建设和先进性建设,领导能力建设和荣辱观建设,领导能力建设和先进性建设,执政能力建设和荣辱观建设,"",A,3
701,党的思想路线是（），在实践中检验真理和发展真理。,一切从实际出发，解放思想，实事求是,一切从实际出发，实事求是，与时俱进,一切从实际出发，理论联系实际，实事求是,"","",C,3
702,党在任何时候都把（），同群众同甘共苦，保持最密切的联系，不允许任何党员脱离群众，凌驾于群众之上。,党的利益放在第一位,群众利益放在第一位,干部利益放在第一位,"","",B,4
703,党在自己的工作中实行群众路线，（），把党的正确主张变为群众的自觉行动。,一切为了群众，一切依靠群众，发动群众，激励群众,一切为了群众，一切依靠群众，相信群众的智慧和力量,一切为了群众，一切依靠群众，从群众中来，到群众中去,"","",C,3
704,民主集中制是（）。,民主基础上的集中和广泛的民主相结合,广泛的集中和集中指导下的民主相结合,民主基础上的集中和集中指导下的民主相结合,"","",C,1
705,必须充分发扬党内民主，保障党员民主权利，发挥各级党组织和广大党员的（）。,主动性创造性,积极性主动性,积极性创造性,民主性创造性,,C,5
706,党在自己的政治生活中正确地开展批评和自我批评，在原则问题上进行（），坚持真理，修正错误。,政治斗争,思想斗争,思想政治斗争,"","",B,2
708,中国共产党党员必须履行的义务有（）。,6条,8条,10条,"",,B,3
709,共产党员有权参加党的有关会议，阅读党的有关文件，（）。,接受党的教育和培训,接受党的培训和轮训,接受党的教育和考察,"",,A,4
710,共产党员有权行使（）。,表决权、选举权和检举权,表决权、选举权，有被选举权,表决权、被选举权和推荐权,"","",B,5
711,申请入党的人，要填写入党志愿书，要有（）作介绍人，要经过支部大会通过和上级党组织批准，并且经过预备期的考察，才能成为正式党员。,2名预备党员,3名正式党员,2名正式党员,"","",C,5
712,上级党组织在批准申请人入党（），要派人同他谈话，作进一步的了解，并帮助他提高对党的认识。,同时,以后,之后,以前,,D,3
713,预备党员必须面向（）进行入党宣誓。,党徽,党旗,党组织,"","",B,3
714,预备党员的义务同正式党员（）。,基本相同,不一样,一样,"","",C,5
715,预备党员预备期满时，应由（）主动向党组织提出转为正式党员的申请。,党支部书记,入党介绍人,本人,"","",C,7
716,预备党员在预备期间，认真履行党员义务，具备党员条件的，应当（）转为正式党员。,适时,按期,提前,"","",B,6
717,预备党员在预备期间，不履行党员义务，不具备党员条件的，应当（）资格。,开除预备党员,保留预备党员,取消预备党员,"","",C,1
718,每个党员，不论职务高低，都必须编入党的一个支部、小组或其他特定组织，参加党的（），接受党内外群众的监督。,民主生活,组织生活,学习活动,"","",B,6
719,党员要求退党，应当经支部大会讨论后宣布除名，并报上级党组织（）。,批准,备案,审批,归案,"",B,4
720,党的纪律是党的各级组织和全体党员必须遵守的（），是维护党的团结统一、完成党的任务的保证。,行为规则,最高准则,行动准则,"",,A,2
721,中国共产党党旗为旗面缀有（）的红旗。,桔黄色党徽,橙黄色党徽,金黄色党徽图案,"","",C,6
722,中国共产党的党徽党旗是中国共产党的（）。党的各级组织和每一个党员都要维护党徽党旗的尊严。,形象和标志,象征和标志,显著标志,"","",B,4
723,中国共产党的根本工作路线是（）。,以经济建设为中心,科学发展观路线,群众路线,不拿群众一针一线,"",C,4
724,积极分子一般向党组织汇报思想和工作情况的频率要求（）。,一年一次,半年一次,一季度一次,根据积极分子实际情况而定,,C,5
725,积极分子至少培养教育（）以后，才能列为发展对象。,半年,一年,两年,无时间要求,"",B,7
726,甲支部共有具有表决权的党员20人，在讨论小张吸收为预备党员的支部大会上，共有18人到会，至少有（）名党员票决同意小张吸收为预备党员，才能形成有效的支部决议。,18人,11人,10人,9人,"",B,2
727,党员小张确定为积极分子时间为2011年8月，2013年6月确定为发展对象，2013年8月吸收为预备党员，2014年8月转正。小张的入党时间是（）。,2011年8月,2013年6月,2013年8月,2014年8月,"",C,6
728,党员转正后，入党材料（）处理。,党员本人保管,单位人事部门保管,存入党员人事档案，由具有管档资质的党组织保管,人才市场保管,"",C,2
729,党员人数超过100人的党组织，应建立（）。,党委,党总支,党支部,党组,"",A,4
730,“三会一课”是指（）,党委会、党总支会、党支部会和党课,民主评议会、党小组会、党员测评会和党课,党员大会、支部委员会、党小组会和党课,谈心会、组织生活会、民主生活会和党课,,C,1
731,交纳党费是党员的义务，但经济困难的党员,必须交纳,可以不交,需向党组织申请，根据实际情况办理减免手续,以上都不对,"",C,5
732,无故连续六个月以上不参加组织生活的党员，党组织将（）。,批评教育,定格为“不合格”党员，受到组织处置,开除党籍,以上都不对,"",B,4
733,党员预备期期间长期不与党组织联系，党组织经多方努力联系不上的，将受到（）处理。,保留预备党员资格,取消预备党员资格,待联系上后进行批评教育,暂不处理,"",B,3
734,因预备期期间表现一般，经支部大会票决、上级党委审批，党员小林延长预备期一年，延长预备期过程中，小林又犯错误，将（）处理。,继续延长预备期,留党察看,根据小林主观意愿决定是否留在党内,取消预备党员资格,"",D,7
735,党组织要政审发展对象的父母时，发展对象需做的工作是,联系父母所在单位党组织，取得政审材料,告知党组织父母所在单位党组织的联系方式，由党组织开展政审,前往父母所在单位党组织取得政审证明,请父母自己向单位索要政审证明,"",B,2
736,党的县（旗）、自治县、不设区的市和市辖区的委员会的委员和候补委员必须有（）上党龄。,五年以上,三年以上,二年以上,一年以上,,B,3
738,先进性是马克思主义政党的（）要靠千千万万高素质党员来体现。,生命所系、根基所在,立党之本、执政之基,生命所系、力量所在,生命所系、立党之本,"",C,7
739,留党察看是党的纪律处分的一种。《党章》对党员留党察看时间作了具体的规定，其最长不超过（）年。,半年,1年,2年,3年,,C,4
740,党的思想路线是一切从实际出发，理论联系实际，（），在实践中检验真理和发展真理。,解放思想,实事求是,与时俱进,以马克思主义为指导,"",B,8
741,党内监督与党外监督的关系是（）。,完善的党内监督可以代替党外监督,有力的党外监督可以代替党内监督,二者相互促进、相互强化,"","",C,3
742,下列说法中，正确的是（）。,预备党员的义务同正式党员一样,预备党员的权利同正式党员一样,预备党员的义务同正式党员一样；预备党员的权利，除没有表决权、选举权和被选举权以外，也同正式党员一样,"","",C,4
743,加强组织性纪律性，在党的纪律面前（）。,人人平等,人人公平,人人要遵守,"","",A,7
744,1920年8月，在上海共产主义小组领导下，成立了（）。,中国社会主义青年团,中国劳动组合书记部,共产主义青年团,"","",A,3
745,共产党员有权在党的会议上和（）上，参加关于党的政策问题的讨论。,报刊杂志,党报党刊,公众场面,"","",B,3
746,开除党籍是党内的（）。,最高处分,最终处分,一种处分,"","",A,4
747,党的优良作风是党的（）和宗旨的体现。,理想,路线,性质,"","",C,2
748,高度重视和不断加强（），是我们党从小到大、由弱到强，从挫折中奋起、在战胜困难中不断成熟的一大法宝。,自身建设,组织建设,思想建设,"","",A,7
749,党必须适应形势的发展和情况的变化，完善领导体制，改进领导方式，增强（）。,协调能力,执政能力,领导能力,"","",B,2
751,争取入党的首要问题是（）。,端正入党动机,良好的态度,年满18岁,"","",A,8
752,1921年7月23日至8月初，先后在()召开了中国共产党第一次全国代表大会，宣告了中国共产党的正式成立。,上海、嘉兴,上海、天津,北京、上海,北京、广州,"",A,5
753,我们取得伟大的历史性成就，靠的是党的（)、基本路线、基本纲领、基本经验的正确指引。,基本理论,基本制度,根本宗旨,"","",A,2
754,加强党的建设，必须放在首位的是（),思想建设,组织建设,作风建设,制度建设,"",A,3
755,预备党员预备期的过程，是主动接受党组织的教育和考察的过程，也是进一步()的过程。,了解党组织,增强党性,履行党员义务,执行党员权利,"",B,3
756,中国共产党的第一部党章是在（）制定的。,中共一大,中共二大,中共三大,中共四大,"",B,5
757,最先在中国提出“中国共产党”这个名称的是（）。,李大钊,威经斯基,毛泽东,蔡和森,"",D,4
758,同志提出“三个代表”的重要思想，是对党的性质和根本宗旨的新概括，对马克思主义建党学说的新发展，对广大党员和入党积极分子的新要求。,毛泽东,邓小平,江泽民,胡锦涛,"",C,2
759,（）是马克思主义政党的生命所系、力量所在，要靠千千万万高素质党员来体现。,先进性,组织性,纪律性,民主性,"",A,3
760,我们党必须坚持把（）作为一切工作的出发点和归宿。,人民的根本利益,党的群众基础,党的执政能力,工人阶级力量,"",A,3
761,中国共产党是中国特色社会主义事业的（）。,领导核心,忠实代表,先锋队,中坚力量,"",A,6
762,共产党员先进性是由（)所决定的。,党的性质,党员所处的时代,党员的现实表现,党的宗旨,"",A,2
763,中国共产党始终成为中国工人阶级的先锋队，与自觉成为中国人民和中华民族的先锋队，二者是（）。,统一的,矛盾的,对立的,以上答案都不是,"",A,6
764,中国共产党始终代表中国最广大人民的根本利益是由党的（）决定的。,方针和政策,性质和指导思想,性质和宗旨,指导思想和宗旨,"",C,3
765,建设有中国特色社会主义事业的关键在于（）。,中国工人阶级,中国科技知识分子,中国共产党,中国国家领导人,"",C,3
766,关于党的性质，下列论述不正确的是（）。,中国共产党是中国特色社会主义事业的核心力量,中国共产党代表中国先进生产力的要求,中国共产党代表中国先进文化的前进方向,中国共产党代表中国最广大人民的根本利益,"",A,4
767,第一个工人阶级自己的政党是（)。,苏维埃,中国共产党,共产主义者同盟,共产国际,"",C,3
768,我国将长期处于,小康社会,社会主义,社会主义初级阶段,共产主义,"",C,6
769,党的最高和最低纲领是（）提出的。,一大,二大,三大,四大,"",B,10
770,党的纲领的实现要靠（）,空谈,实践,创新,学习,"",B,3
771,我国的一切权力属于（）。,群众,人民,党,党员,"",B,7
772,是历史的创造者。,群众,人民群众,党,党员,"",B,2
773,行为是对人民利益的损害。,违法乱纪,遵纪守法,维护公德,舍己为人,"",A,4
774,中国共产党永远是劳动人民的（）,代言人,领导者,公仆,普通一员,"",D,5
775,规定了党内生活和党的活动的基本原则，是党的根本大法。,党章,宪法,党的纪律处分条例,党内监督条例（试行）,"",A,5
776,下列（）不属于党的纪律体系中的内容。,工作纪律,政治纪律,群众纪律,保密纪律,"",D,5
777,是各级党组织和党员在政治生活中必须遵守的行为准则。,政治纪律,经济纪律,组织纪律,工作纪律,"",A,4
778,下列不属于党的纪律处分的是（）,严重警告,记过,撤销党内职务,留党察看,"",B,7
779,受开除党籍纪律处分的党员，党内职务被自然撤销，且（）年内不准重新入党。,2,3,5,6,"",C,6
780,党组织和党员违反党章和其他党内法规，违反国家法律、法规，违反党和国家政策、社会主义道德，危害（）的行为，依照规定应当给予党纪处分的，都必须受到追究。,国家和集体利益,组织和他人利益,党、国家和人民利益,团体利益,"",C,3
781,党员必须切实开展（)，勇于揭露和纠正工作中的缺点、错误，坚决同消极腐败现象作斗争。,批评,自我批评,批评和自我批评,自我检讨,,C,3
782,按照党的思想建设的要求，党员不仅要在组织上入党，而且要在（)上入党。,行动,思想,实践,信念,"",B,6
783,下级党组织报送预备党员的审批材料后，上级党组织应在（）个月内予以审批。,3,6,9,12,"",A,2
784,党支部召开支部大会讨论接收预备党员前，要在一定范围内进行公示，征求党内外有关群众的意见。公示时间不少于（）天。,7,15,10,12,"",A,2
786,中国共产党建立的阶级基础是（）。,马克思主义的广泛传播,工人阶级队伍的壮大及工人运动发展,共产主义小组建立,民族资产阶级的发展,"",B,9
787,是决定一个政党、一个政权盛衰的根本因素。,执政能力,领导水平,人心向背,国际地位,"",C,7
788,无产阶级的党性的根本要求是（）。,一切服从党的领导,坚持党的政治路线和思想路线,一切以人民群众的利益为出发点,全心全意为人民服务,"",C,2
789,建设中国特色社会主义，总布局是：（）。,社会主义初级阶段,五位一体,全面协调可持续的发展,以经济建设为中心，坚持改革开放,"",B,6
790,建设中国特色社会主义，总任务是（）。,实现经济开放,全面建成小康社会,实现社会主义现代化和中华民族伟大复兴,人民生活富裕，实现现代化,"",C,4
791,以经济建设为中心的党的基本路线是在（）指导下形成的。,马克思列宁主义,毛泽东思想,邓小平理论,三个代表重要思想,"",C,5
792,我国基本实现现代化的第三步战略步骤是，到（）人均国民生产总值达到中等发达水平，人民生活比较富裕，基本实现现代化。,2100年,21世纪中叶,2020年,21世纪末,,B,3
793,是一个民族进步的灵魂，是一个国家兴旺发达的不竭动力，也是一个政党永葆生机的源泉。,改革,创新,社会发展,阶级矛盾,"",B,7
794,加强和改进党的作风建设，核心问题是（）。,反腐倡廉,保持党同人民群众的血肉联系,推进党的建设,保持党的纯洁性、先进性,"",B,1
795,对发展对象入党前培训的时间应不少于（）学时。,24,40,50,30,"",A,3
796,不属于“三会一课”中的会议是（）。,支部党员大会,支部委员会,党代会,党小组会,"",C,4
797,我国社会主义建设，必须从我国的国情出发，走（）道路。,资本主义,中国特色社会主义,社会主义,马列主义,"",B,5
798,在社会主义初级阶段，我国必须坚持和完善（）为主体、多种所有制经济共同发展的基本经济制度。,公有制,集体所有制,全民所有制,私有制,"",A,5
799,把工人、农民、军人、知识分子以外的其他社会阶层中的先进分子吸收到党内来，有利于增强党的阶级基础，扩大党的（)。,群众基础,思想基础,政治基础,组织基础,"",A,4
800,党章规定，（）是唯一而正确的入党动机。,增加择业竞争砝码，找到一份比较理想的工作,具有政治资本，使自己早日成才,献身共产主义事业，全心全意为人民服务,拥护党的领导，建设党的事业,"",C,2
801,以下选项中不能审批预备党员的是（）。,乡镇党委,部门党委,机关党总支,街道党工委,"",C,3
802,对于严重触犯刑律的党员，必须（)。,开除党籍,留党察看,撤销党内职务,开除公职,"",A,2
803,党的纪律处分有：警告、严重警告、（)、留党察看、开除党籍。,撤销党内外一切职务,撤销党内职务,记过,开除公职,"",B,5
805,党员对党组织作出的处分决定不服，可以提出（），有关党组织必须负责处理或者迅速转递，不得扣压。,申辩,复议,申诉,诉讼,"",C,4
806,根据《中国共产党纪律处分条例》指出，（）是最根本的党内法规，是管党治党的总规矩。,党章,纪律处分条例,廉洁自律准则,宪法,,A,6
807,撤销党内职务处分，是指撤销受处分党员由党内选举或者组织任命的党内职务。如果决定撤销其某个职务，则必须撤销其担任的（）职务。,最高,最低,兼任,视情况而定,"",A,4
808,党纪处分决定作出后，应当在（）内向受处分党员所在党的基层组织中的全体党员及其本人宣布。,10天,15天,一个月,两个月,"",C,4
809,受到留党察看处分的党员，恢复党员权利后二年内，不得在党内担任和向党外组织推荐担任（）的职务。,与其原任职务相当或者低于其原任职务,与其原任职务相当或者高于其原任职务,低于其原任职务,视情况而定,"",B,6
810,《中国共产党纪律处分条例》规定，组织、参加会道门或者邪教组织的，对策划者、组织者和骨干分子，给予（）处分。,严重警告,撤销党内职务,留党察看,开除党籍,"",D,3
811,某党员干部占用公物达六个月，应给予警告处分，但同时该党员又违反规定从事营利活动，情节严重，应给予开除党籍处分，依据《中国共产党纪律处分条例》有关规定，对于该同志的处分应该是（）。,先警告再开除党籍,开除党籍,分别处理,警告,,B,2
812,党的干部的本质是（）。,党的骨干,为人民服务的骨干,党员团体中的要职人员,以上答案均错,"",D,6
813,党章是党的总章程，其作用是（）。,充分体现马列主义中国化最新成果,对加强党的建设具有根本性的指导,适应新形势新任务对党的工作和党的建设提出的新要求,更好把中国特色社会主义伟大事业和党的建设新的伟大工程推向前进,,B,3
814,邓小平理论阐明了在中国建设社会主义、（）的基本问题。,马克思主义中国化,社会主义初级阶段,改革发展稳定的关系,巩固和发展社会主义,"",D,5
815,对于严重违犯党的纪律、本身又不能纠正的党组织，上一级党的委员会在查明核实后，应根据情节严重的程度，作出（）的决定，并报再上一级党的委员会审查批准，正式宣布执行。,进行改组或予以解散,进行改组或重整,进行重整或予以解散,进行重整或放任不理,"",A,8
816,党的中央纪律检查委员会根据工作需要，可以向（）派驻党的纪律检查组或纪律检查员。,中央一级党和国家机关,各级党和国家机关,各省市党和国家机关,同级党和国家机关,"",A,2
817,哪些不属于党员必须履行的义务（）,坚持党和人民的利益高于一切,维护党的团结和统一,对党的工作提出建议和倡议,密切联系群众,"",C,5
818,党的基层组织是党在社会基层中的（）,战斗堡垒,坚实基础,坚强后盾,力量源泉,"",A,6
819,共产党员有权在党的会议上有根据地批评党的任何组织和任何党员，向党负责地揭发、检举（）的事实，要求处分违法乱纪的党员，要求罢免或撤换不称职的干部。,党的任何组织和任何党员违法乱纪,党的任何组织违法乱纪,党的任何党员违法乱纪,"","",A,4
820,党员因工作单位发生变化，外出学习或工作时间较长（六个月以上）且地点比较固定的，应按规定（）。,开具党员证明信,开具党员组织关系介绍信,持流动党员活动证参加组织生活,不过组织生活,"",B,4
821,入党介绍人要认真了解申请人的（)，向他解释党的纲领和党的章程，说明党员的条件、义务和权利，并向党组织作出负责的报告。,思想、道德、学习和工作表现,思想、品质、经历和工作表现,思想、品德、历史和工作表现,"","",B,5
822,党委工作和党委决策的实质是（）。,全面领导所属单位和一切组织、人员和工作,坚持群众路线,统筹兼顾、突出中心,维护人民群众根本利益,"",B,4
823,民主生活会的实施步骤是（）。,专题学习、征求意见、自我批评、互相批评、总结经验,专题学习、自我剖析、互相批评、总结归纳、研究整改,征求意见、专题学习、自我批评、开展批评、总结经验,征求意见、专题学习、自我剖析、开展批评、研究整改,"",D,6
825,全委会由（）召集并主持。,常委会,党委书记,党委副书记,全委会指定人员,"",A,9
827,全委会、常委会会议必须有（）以上委员到会方可举行。,二分之一,三分之二,五分之四,四分之三,"",B,3
828,全委会表决重要事项以赞成票超过应到会委员人数的（）为通过。,二分之一,三分之一,三分之二,五分之三,"",A,5
829,机关党支部实行（）。,支部统一的集体领导下的首长分工负责制,集体领导,统一领导,全面领导,"",B,6
831,（）是党的领导的最高原则。,集体领导,统一领导,党指挥枪,少数服从多数,"",A,1
832,团支部委员会坚持民主集中制的原则，实行（）。,统一领导,集体领导,全面领导,垂直领导,"",B,1
834,党的纪律中最重要的是（)。,组织纪律,政治纪律,“四个服务”,"","",B,4
835,要把（)自觉为党的路线和纲领而奋斗、经过长期考验、符合党员条件的其他社会阶层的先进分子吸收到党内来，增强党在全社会的影响力和凝聚力。,承认党的纲领和章程,热爱公益事业,诚实守信和合法经营,"","",A,1
836,党员必须自觉遵守党的纪律，模范遵守（)，严格保守党和国家的秘密，执行党的决定，服从组织分配，积极完成党的任务。,国家的法律,国家的法律法规,法律法规,"","",B,3
837,预备党员必须面向党旗进行入党宣誓。誓词如下：我志愿加入中国共产党，拥护党的纲领，遵守党的章程，履行党员义务，（)，严守党的纪律，保守党的秘密，对党忠诚，积极工作，为共产主义奋斗终身，随时准备为党和人民牺牲一切，永不叛党。,执行党的决定,执行党的路线,执行党的政策,"",,A,5
838,把毛泽东思想确定为全党的指导思想是,党的六大,党的七大,党的八大,"","",B,3
839,1935年1月召开的（）会议确立了毛泽东在红军和党中央的领导地位，挽救了党、挽救了红军、挽救了中国革命、成为党的历史上一个生死攸关的转折点。,古田,黎平,遵义,"","",C,4
840,支部大会讨论两个以上的人入党时，必须（）。,集体研究，一起表决,逐个讨论，逐个表决,逐个讨论，一起表决,"","",B,2
841,三个代表是指中国共产党始终代表中国先进生产力的发展要求，始终代表中国先进文化的前进方向，（）。,始终代表中国工人的根本利益		,始终代表中国农民的根本利益,始终代表中国最广大人民的最大利益		,始终代表中国最广大人民的根本利益,"",D,5
842,党任何时候都要把（）放在第一位。,人民利益		,党的利益		,党员利益		,私人利益,"",A,3
843,党的（）将习近平新时代中国特色社会主义思想写入党章。,十七大		,十八大		,十九大		,十六大,"",C,5
844,毛泽东思想的活的灵魂有三个基本方面，即（）。,实事求是、群众路线、独立自主,辩证法、唯物论、实事求是,实事求是、解放思想、独立自主,"",,A,3
845,推进“两学一做”学习教育常态化制度化，坚持抓住“关键少数”与（）相结合，突出党内政治生活的政治教育功能，把“两学一做”学习教育纳入“三会一课”等组织生活制度，长期坚持下去，形成常态。,抓牢基层党组织书记,抓实基层支部,抓好基层党组织,抓好广大普通党员,"",B,3
846,培育和弘扬社会主义核心价值观必须立足（）。,普世价值,马克思主义,世界文明成果,中华优秀传统文化,"",D,5
847,（）是更基础、更广泛、更深厚的自信。在5000多年文明发展中孕育的中华优秀传统文化，在党和人民伟大斗争中孕育的革命文化和社会主义先进文化，积淀着中华民族最深层的精神追求，代表着中华民族独特的精神标识。,理论自信,道路自信,制度自信,文化自信,"",D,5
848,解决党内存在的种种难题，必须营造一个良好从政环境，也就是要有一个好的（）。,政治环境,政治生态,政治氛围,政治气候,"",B,4
849,坚持不忘初心、继续前进，就要牢记我们党从成立起就把为共产主义、社会主义而奋斗确定为自己的纲领，坚定共产主义远大理想和（）共同理想，不断把为崇高理想奋斗的伟大实践推向前进。,社会主义,马克思主义,中国特色社会主义,中华民族伟大复兴,"",C,7
850,坚持不忘初心、继续前进，就要保持党的先进性和纯洁性，着力提高执政能力和领导水平，着力增强抵御风险和拒腐防变能力，不断把（）推向前进。,中国特色社会主义伟大事业,党的建设新的伟大工程,具有许多新的历史特点的伟大斗争,党的工作,,B,3
851,选拔任用党政领导干部，必须坚持（)原则。,党管干部,效率优先,近亲回避,科学决策,"",A,5
852,反腐倡廉教育要以（)为重点。,人民群众,特定群体,领导干部,"","",C,4
853,坚持教育、制度、监督并重，（)。三者统一于惩治和预防腐败体系之中，相互作用，共同发挥作用。,教育是基础，制度是保证，监督是关键,教育是保证，制度是基础，监督是关键,教育是关键，制度是基础，监督是保证,"","",A,3
854,党风廉政建设的核心问题是（)。,解决党同人民群众的鱼水关系,密切党同人民群众的血肉联系,防止腐败,共同富裕,"",B,3
855,党风廉政建设和反腐败工作必须围绕（)，服务大局，研究解决妨碍改革发展稳定的突出问题，优化经济社会发展环境，促进社会主义物质文明、政治文明、精神文明协调发展。,中心,实际,发展,创新,"",C,4
856,习近平总书记在十八届中央纪委三次全会上强调，坚决反对腐败，防止党在长期执政条件下腐化变质，是我们必须抓好的（)。　,重大政治任务,权宜之策,短期行为,"","",A,5
857,习近平总书记在十八届中央纪委三次全会上指出，要切实执行组织纪律，不能搞特殊、有例外，各级党组织要敢抓敢管，使纪律真正成为（)。,烫手的山芋,带电的高压线,严管的禁飞区,"",,B,1
858,习近平总书记在十八届中央纪委二次全会上指出，反腐倡廉必须常抓不懈，拒腐防变必须警钟长鸣，关键就在（)二字，一个是要经常抓，一个是要长期抓。,“常”“长”,“常”“警”,“常”“鸣”,"","",A,2
859,习近平总书记在十八届中央纪委二次全会上指出，八项规定既不是最高标准，更不是最终目的，只是我们（)的第一步，是我们作为共产党人应该做到的基本要求。,万里长征,改进作风,经济工作,"","",B,9
860,习近平总书记在十八届中央纪委二次全会上强调，要加强对权力运行的制约和监督，把权力关进（)的笼子里，形成不敢腐的惩戒机制、不能腐的防范机制、不易腐的保障机制。,法律,制度,改革,"","",B,3
861,习近平总书记在十八届中央纪委二次全会上强调，抓好党风廉政建设和反腐败斗争，必须（)。,单靠纪委,全党动手,主要领导的事,"","",B,1
862,2017年10月8日，习近平总书记在党的群众路线教育实践活动总结大会上谈到党建工作时连发三问，内容是“是不是各级党委、各部门党委(党组)都做到了聚精会神抓党建？是不是各级党委书记、各部门党委(党组)书记都成为了（）的书记？是不是各级各部门党委(党组)成员都履行了分管领域从严治党责任？”,主抓经济,从严治党,依法治国,"","",B,3
863,习近平总书记在参加十二届全国人大三次会议江西代表团审议时强调，要着力净化政治生态，营造（）良好环境。,廉洁从政,环境建设,社会稳定,"",,A,6
864,习近平总书记在参加十二届全国人大三次会议江西代表团审议时强调，要加强对干部特别是党员领导干部监督管理，彻底改变对干部失之于宽、（）现象。,失之于散,失之于宠,失之于软,"",,C,6
865,《习近平关于党风廉政建设和反腐败斗争论述摘编》指出，要做到党始终紧紧依靠人民，始终保持同人民群众的血肉联系，就必须坚定不移把党风廉政建设和（)深入进行下去。,反腐败斗争,法制建设,经济建设,"","",A,7
866,《习近平关于党风廉政建设和反腐败斗争论述摘编》指出，当前腐败现象多发，滋生腐败的土壤存在，党风廉政建设和反腐败斗争形势依然（)。,复杂,严峻复杂,可以松一把劲,"","",B,4
867,《习近平关于党风廉政建设和反腐败斗争论述摘编》强调，新形势下加强党的建设，必须把党的十八大提出的关于党的建设的目标任务落到实处，把党要管党、（)落到实处。,从严治党,依法治国,改革开放,"","",A,7
868,《习近平关于党风廉政建设和反腐败斗争论述摘编》强调，各级党委对职责范围内的党风廉政建设负有（)，党委主要负责人是第一责任人。,主要领导责任,重要领导责任,全面领导责任,"","",C,4
869,《习近平关于党风廉政建设和反腐败斗争论述摘编》强调，无论是党委还是纪委或其他相关职能部门，都要对承担的党风廉政建设责任进行签字背书，做到（)。　　,漠不关心,守土有责,能推就推,"","",B,5
870,《习近平关于党风廉政建设和反腐败斗争论述摘编》指出，教育实践活动有期限，但贯彻群众路线没有休止符，作风建设（)。,立足当前,永远在路上,一劳永逸,"","",B,4
871,《习近平关于党风廉政建设和反腐败斗争论述摘编》指出，治理一个国家、一个社会，关键是要立规矩、（)、守规矩。,创新规矩,讲规矩,修改规矩,"","",B,5
872,全面推进惩治和预防腐败体系建设是全党的重大政治任务和（)的共同责任。,全社会,少数人,领导干部,"","",A,4
873,习近平在十八届中央纪委五次全会上强调，从这两年查处的案件和巡视发现的问题看，反腐败斗争形势依然严峻复杂，主要是在实现不敢腐、（)、不想腐上还没有取得压倒性胜利。,不准腐,不能腐,不会腐,"","",B,3
874,中国共产党第十九次全国代表大会，是在全面建成小康社会决胜阶段、中国特色社会主义进入（）的关键时期召开的一次十分重要的大会。,新征程,新时代,新时期,"","",B,6
875,十九大的主题是：不忘初心，（），高举中国特色社会主义伟大旗帜，决胜全面建成小康社会，夺取新时代中国特色社会主义伟大胜利，为实现中华民族伟大复兴的中国梦不懈奋斗。,砥砺前行,牢记使命,继续前进,"","",B,6
876,全面深化改革的总目标是（）。,完善和发展中国特色社会主义制度,完善和发展中国特色社会主义制度、推进国家治理体系和治理能力现代化,推进国家治理体系和治理能力现代化,"",,B,4
877,经过长期努力，中国特色社会主义进入了新时代，这是我国发展新的（）。,历史方向,未来方位,历史方位,"","",C,1
878,新时代中国特色社会主义思想，明确中国特色社会主义最本质的特征是（）。,“五位一体”总体布局,建设中国特色社会主义法治体系,中国共产党领导,"","",C,6
879,发展是解决我国一切问题的基础和关键，发展必须是科学发展，必须坚定不移贯彻（）的发展理念。,创新、统筹、绿色、开放、共享,创造、协调、生态、开放、共享,创新、协调、绿色、开放、共享,"","",C,6
880,伟大斗争，伟大工程，伟大事业，伟大梦想，紧密联系、相互贯通、相互作用，其中起决定性作用的是（)。,党的建设新的伟大工程,具有新的历史特点的伟大斗争,实现中华民族伟大复兴的伟大梦想,"",,A,3
881,实现伟大梦想，必须进行伟大斗争。我们党要团结带领人民有效应对重大挑战、抵御重大风险、克服重大阻力、解决重大矛盾，必须进行具有（)的伟大斗争。,许多新的历史特点,充满新的社会矛盾,阶级阶层分化特点,"",,A,5
882,要坚持依法治国和以德治国相结合，加强（）教育，弘扬中华传统美德，弘扬时代新风。,社会公德,职业道德,家庭美德,个人品德,"","A,B,C,D",11
883,党的十八大报告指出，要积极培育社会主义核心价值观，在个人层面要倡导（）。,爱国,敬业,诚信,友善,"","A,B,C,D",9
884,党的十八大报告指出，全党要坚定的自信有（）。,道路自信,文化自信,理论自信,制度自信,"","A,B,C,D",8
885,党的十八大报告指出，保持党的先进性和纯洁性，增强党的（）。,创造力,凝聚力,战斗力,生命力,"","A,B,C",8
886,五位一体是指（）。,经济建设,政治建设,文化建设,社会建设,生态文明建设,"A,B,C,D,E",5
887,信念一般可分为以下几种类型,政治信念,科学信念,道德信念,生活信念,"","A,B,C,D",7
888,党的领导主要是（）的领导。,政治,经济,思想,组织,"","A,C,D",7
890,党的优良作风包括（）,理论联系实际,各尽所能按需分配,密切联系群众,批评与自我批评,"","A,C,D",8
891,党员享有如下权利：行使（），有被选举权。,申诉权,选举权,罢免权,表决权,"","A,B,D",12
892,中国共产党领导全国各族人民，经过长期的反对（)的革命斗争，取得了新民主主义革命的胜利。,帝国主义,殖民主义,官僚资本主义,封建主义,"","A,C,D",9
893,要坚持理论和实践的统一、学习和运用的统一、继承和发展的统一，把马克思主义的学习和研究（)。,同解决我国改革开放和现代化建设的实际问题紧密结合起来,同实现全面建设小康社会的宏伟目标紧密结合起来,同推进党的建设新的伟大工程紧密结合起来,同改造客观世界和主观世界的实际行动紧密结合起来,"","A,B,C,D",8
894,党的建设必须实现的基本要求是（)。,坚持党的基本路线,坚持解放思想，实事求是，与时俱进,坚持民主集中制,坚持全心全意为人民服务,"","A,B,C,D",5
896,党的纪律处分有（)。,警告与严重警告,撤销党内职务,留党察看,开除党籍,"","A,B,C,D",15
898,党的民主集中制“四个服从”指的是（）。,党员个人服从党的组织,少数服从多数,下级组织服从上级组织,全党各个组织和全体党员服从党的全国代表大会和中央委员会,"","A,B,C,D",7
899,党的纪律包括（）。,政治纪律,制度纪律,组织纪律,群众纪律,"","A,C,D",15
900,端正入党动机应该从（）。,认真学习马克思主义理论,通过实践锻炼，不断端正入党动机,按照党员标准严格要求自己,端正入党动机，不是入党前一时的问题，而是一辈子的问题,"","A,B,D",10
901,党风建设是推进党的建设伟大工程的重要环节，也是落实“三个代表”的必然要求（）。,党的作风直接关系到党的形象和战斗力,党的作风直接关系党和人民群众的血肉联系和人心向背，关系党和国家的生死存亡,党的作风是推进其他作风好转的根本保证,党的作风直接关系到我国在国际上的良好形象,,"A,B,C",10
902,申请入党对象必须是（）。,必须是年满十八岁的中国公民,必须有正确的入党动机,必须是工人、农民、军人、知识分子和其他社会阶层的先进分子,必须对党有准确全面的认识,"","A,C",5
903,党员的基本条件有（）。,党员是中国工人阶级的有共产主义觉悟的先锋战士,中国共产党员要全心全意为人民服务,中国共产党员永远是劳动人民的普通一员,中国共产党员必须有良好的素质,,"A,B,C",11
904,关于马克思列宁主义的正确观点是（）。,揭示了人类社会历史发展的规律,它的基本原则是正确的,它的所有观点都是放之四海而皆准的真理,它具有强大的生命力,"","A,B,D",14
905,党的基本路线的两个基本点为（）。,坚持以经济建设为中心,坚持四项基本原则,坚持改革开放,坚持党的领导,"","B,C",12
906,在党内必须坚持民主集中制的原因有（）。,坚持和健全民主集中制才能最大限度地调动一切积极因素，发挥全党、全国人民的积极性、主动性,坚持和健全民主集中制才能在实践中不断认识和运用客观规律，推动改革开放和社会经济发展,坚持和健全民主集中制才能实现党内生活的制度化、规范化，进而推动社会主义市场经济法制化,坚持和健全民主集中制也是社会主义市场经济条件下保持党的先进性的客观要求,"","A,B,C,D",7
909,遵义会议确定了由（)组成的三人军事指挥小组。,毛泽东,周恩来,王稼祥,朱德,"","A,B,C",6
910,贯彻落实可持续发展，就是要处理好人与自然的关系，走出一条（）的文明发展道路。,生产发展,又好又快,生活富裕,生态良好,"","A,C,D",9
911,党章规定：党员（），经教育仍无转变，应劝其退党。,缺乏革命意志,不符合党员条件,不履行党员义务,违反党的纪律,"","A,B,C",12
912,共产党员的党性修养的主要内容有（）。,理论修养；政治修养,思想道德修养；文化知识修养,作风修养；组织纪律修养,法律知识修养；廉洁奉公修养,"","A,B,C",10
913,是党的全国代表大会的职权。,讨论和决定国家重大问题,选举中央委员会,讨论并决定党的重大问题,调整和增选中央纪律检查委员会的部分成员,"","B,C,D",9
914,改革开放以来我们取得一切成绩和进步的根本原因，归结起来就是（）。,开辟了中国特色社会主义道路,实行了改革开放,提高人民的生活水平,形成了中国特色社会主义理论体系,"","A,D",12
915,下列（）是党章规定的党员的权利。,密切联系群众,接受党的教育与培训,开展批评与自我批评,参加关于党的政策问题讨论,"","B,D",10
917,党的纪律是（）的保证。,党的利益,维护党的团结和统一,全党一致,完成党的任务,"","B,D",8
918,党的十八大认为，（）是党和人民长期奋斗、创造、积累的根本成就。,中国特色社会主义道路,中国特色社会主义理论体系,中国特色社会主义制度,"",,"A,B,C",12
919,全面提高党的建设科学化水平，全党要增强紧迫感和责任感，增强（）能力，确保党始终成为中国特色社会主义事业的坚强领导核心。,自我提高,自我完善,自我净化,自我革新,"","A,B,C,D",5
920,党支部的“三会一课”制度的“三会”指的是（）。,支部党员大会,党员代表大会,支部委员会,党小组会,"","A,C,D",8
921,党章规定，党员如果没有正当理由（）就被认为自行脱党。,连续六个月不参加党的组织生活,或不缴纳党费,或不履行党员的八项义务,或不做党所分配的工作,,"A,B,D",13
922,从申请入党到成为一名共产党员必须经过的程序是,被确定为入党积极分子,被确定为发展对象,进行政治审查,预备党员的转正,"","A,B,C,D",16
923,社会主义核心价值观的基本内容有哪些?（),富强、民主、文明、和谐,自由、平等、公正、法治,爱国、敬业、诚信、友善,有文化、有理想、有道德、有思想,"","A,B,C",6
924,十八大提出的“三个永无止境”是怎样表述?（),实践发展永无止境,认识真理永无止境,理论创新永无止境,理想与未来无止境,"","A,B,C",9
925,党的地方各级代表大会的职权是（),听取和审查同级委员会的报告,听取和审查同级纪律检查委员会的报告,讨论本地区范围内的重大问题并作出决议,选举同级党的委员会，选举同级党的纪律检查委员会,,"A,B,C,D",8
926,在十八大提出大力发展生态文明建设中指出，开展哪几项措施?（),优化国土空间开发格局,全面促进资源节约,加大自然生态系统和环境保护力度,加强生态文明制度建设,"","A,B,C,D",11
927,全面深化改革的总目标是完善和发展中国特色社会主义制度，推进国家治理体系和治理能力现代化。必须更加注重改革的系统性、整体性、协同性，加快发展社会主义市场经济、民主政治、先进文化、和谐社会、生态文明，让中国人民（)。,坚定道路自信、理论自信、制度自信和文化自信,一切劳动、知识、技术、管理、资本的活力竞相迸发,一切创造社会财富的源泉充分涌流,发展成果更多更公平惠及全体人民,,"B,C,D",7
928,习近平指出，衡量一名共产党员、一名领导干部是否具有共产主义远大理想，是有客观标准的，主要看的是（)。,能否坚持全心全意为人民服务的根本宗旨,能否吃苦在前、享受在后,能否勤奋工作、廉洁奉公,能否为理想而奋不顾身去拼搏、去奋斗、去献出自己的全部精力乃至生命,,"A,B,C,D",8
929,党的全国代表大会的职权是（)。,听取审查中央委员会和中央纪律检查委员会的报告,讨论并决定党的重大问题,修改党的章程,选举中央委员会和中央纪律委员会,"","A,B,C,D",8
930,始终做到“三个代表”是中国共产党的（)。,立党之本,执政之基,力量之源,发展之道,"","A,B,C",12
931,科学发展观的基本要素是（)。,第一要义是发展,基本要求是全面协调可持续,核心是以人为本,根本方法是统筹兼顾,"","A,B,C,D",7
932,中国特色社会主义事业总体布局是全面推进（)。,经济建设,政治建设,文化建设,社会建设,,"A,B,C,D",4
933,（）是检验党一切执政活动的最高标准。,以人为本,执政为民,党要管党,从严治党　,,"A,B",8
934,党员除了享有（）以外，还有权要求罢免或撤换不称职的干部。,表决权,选举权,被选举权,"","","A,B,C",11
935,在选举产生党的各级代表大会的代表和委员会委员时，下列表述中，正确的是（）。,只能采取差额选举的办法,必须先采取差额选举办法进行预选，产生候选人名单，然后进行正式选举,可以直接采用候选人数多于应选人数的差额选举办法进行正式选举,也可以先采用差额选举办法进行预选，产生候选人名单，然后进行正式选举,"","C,D",10
936,发展党员工作，必须认真贯彻（)的方针。,控制总量,必须先采取差额选举办法进行预选，产生候选人名单，然后进行正式选举优化结构,可以直接采用候选人数多于应选人数的差额选举办法进行正式选举提高质量,发挥作用,"","A,B,C,D",11
937,坚持社会主义道路，（)这四项基本原则，是我们的立国之本。,坚持人民民主专政,坚持以经济建设为中心,坚持中国共产党的领导,坚持马克思列宁主义毛泽东思想,"","A,C,D",9
938,我们各项工作的总的出发点和检验标准是（)。,有利于发展社会主义社会的生产力,有利于增强社会主义国家的综合国力,有利于强化社会意识形态,有利于提高人民的生活水平,,"A,B,D",7
939,共产主义的概念有（）的含义。,共产主义是一个科学的思想体系,共产主义是正在进行的现实运动,共产主义是崭新而美好的社会制度,共产主义是全新的价值体系,"","A,B,C,D",11
940,共产主义觉悟主要体现在（）。,有坚定的共产主义信念,有崇高的共产主义思想境界,有为共产主义事业奋斗的过硬本领,有全心全意为人民服务的意识,"","A,B,C",16
941,改革开放以来我们取得一切成绩和进步的根本原因，归结起来就是,开辟了中国特色社会主义道路,形成了中共特色社会主义理论,确立了中国特色社会主义制度,创立科学发展观,,"A,B,C",4
942,党的章程根据中国革命和建设的具体情况，运用马克思列宁主义的理论原则，正确规定了（），提出了党内生活和处理党内关系的基本准则。,党的政治路线、思想路线和组织路线,规定了党的性质、党的任务,规定了党员的条件和党员必须遵循的义务和权利,规定了党的组织原则和组织形式,,"A,B,C,D",8
943,"在新世纪新阶段,经济和社会发展的战略目标是（)。",巩固和发展已经达初步达到的小康水平,"到建党一百年时,建成惠及十几亿人口的更高水平的小康社会","到建国一百年时,人均国内生产总值达到中等发达国家水平,基本实现现代化",基本实现共产主义,,"A,B,C",4
944,党章是党的根本大法，是立党、治党、管党的总章程，在党内具有最高的权威性和约束力，主要是因为（）。,党章是具有最高权威的党内法规,党章是党的整体意志的集中体现,党章是党内的普遍行为规范,党章对公民具有约束力,,"A,B,C",9
945,加强党的纯洁性建设是,我们党不断取得胜利的根本保证,我们党新形势下有效应对风险挑战的必然要求,我们党不断发展壮大的基本条件,我们党严惩腐败的有效途径,,"A,B",7
946,对违反党纪的党员进行纪律处分，必须坚持以下基本原则（）。,纪律面前人人平等的原则,严肃慎重和区别对待原则,实事求是原则,坚持民主集中制原则,,"A,B,C,D",12
947,社会主义本质是（）。,解放和发展生产力,消灭剥削,消除两极分化,最终达到共同富裕,,"A,B,C,D",12
948,党的纪律具有下列哪些特点（）。,阶级性,严肃性,统一性,强制性,"","A,B,C,D",14
949,实现中华民族伟大复兴的中国梦，就是要实现（）。,国家富强,民族振兴,健康和谐,人民幸福,,"A,B,D",9
950,1942年，中国共产党在全党范围内进行了一次整风运动，其主要任务是（）。,反对主观主义以整顿学风,反对宗派主义以整顿党风,反对党八股以整顿文风,反对分散主义以整顿政风,"","A,B,C",14
951,对“党纪面前人人平等”原则理解正确的是（）。,一切党组织和党员都必须受党纪约束,无论谁违犯党纪，都必须受到追究,不管你是正式党员，还是预备党员，同样受党纪约束,应当受纪处分的，必须给予相应的处分,"","A,B,C,D",9
952,党按照（）原则选拔干部，反对任人唯亲。,德才兼备,以德为先,素质过硬,任人唯贤,"","A,B",12
953,党的三大作风是（）。,理论联系实际的作风,求真务实的工作作风,批评和自我批评的作风,密切联系群众的作风,"","A,C,D",7
954,党的十八大报告指出（）是科学发展观最鲜明的精神实质。,解放思想,实事求是,与时俱进,求真务实,,"A,B,C,D",6
955,预备党员的权利，除了没有（)以外，其他同正式党员一样。,表决权,选举权,被选举权,检举权,"","A,B,C",4
956,申请入党的人要（），才能成为正式党员。,填写入党志愿书,有两名正式党员作介绍人,经过支部大会和上级党组织批准,要经过预备期的考察,"","A,B,C,D",11
957,党章规定，党的组织系统是由（）组成的。,中央组织,地方组织,基层组织,共青团组织,"","A,B,C",14
958,党取得新民主主义革命胜利的三大法宝是,统一战线,党的建设,武装斗争,思想工作,,"A,B,C",12
959,"《党章》规定，党员必须自觉遵守党的纪律，（）,服从组织分配，积极完成党的任务。",模范遵守国家的法律法规,严格保守党和国家的秘密,执行党的决定,贯彻党的部署,"","A,B,C",13
960,下列哪几项行为应当给予党纪处分（),违反个人有关事项报告规定，不报告、不如实报告的,在组织进行谈话、函询时，不如实向组织说明问题的,不如实填报个人档案资料的,隐瞒入党前严重错误的,"","A,B,C,D",7
961,对严重违犯党纪的党组织的纪律处理措施有（)。,改组,重组,解散,合并,"","A,C",6
962,下列哪些是《党章》规定党员享有的权利（）。,开展批评和自我批评，勇于揭露和纠正工作中的缺点、错误,参加党的有关会议，阅读党的有关文件，接受党的教育和培训,在党的会议上和党报党刊上，参加关于党的政策问题的讨论,对党的工作提出建议和倡议,"","B,C,D",11
963,党组织在纪律审查中发现党员有贪污贿赂、失职渎职等刑法规定的行为涉嫌犯罪的，应当给予（）处分。,严重警告,撤销党内职务,留党察看,开除党籍,"","B,C,D",6
964,拒不执行党组织的（)等决定的，给予警告、严重警告或者撤销党内职务处分。,教育,分配,调动,交流,"","B,C,D",10
965,党组织负责人在工作中不负责任或者疏于管理，给党、国家和人民利益以及公共财产造成重大损失的，对直接责任者和领导责任者，给予（)处分。,警告或者严重警告,撤销党内职务,留党察看,开除党籍,,"B,C,D",14
966,党在社会主义初级阶段的基本路线是（）。,领导和团结全国各族人民,以经济建设为中心,坚持四项基本原则,坚持改革开放,"","A,B,C,D",10
967,中国共产党的“三大作风”是（）。,全心全意为人民服务,理论联系实际,密切联系群众,批评与自我批评,"","B,C,D",14
968,党重视培养、选拔（)。,年轻干部,女干部,少数民族干部,港澳台干部,"","B,C",10
969,党的纪律包括（）。政治纪律、组织纪律、、群众纪律、,政治纪律,组织纪律,廉洁纪律,群众纪律,工作纪律和生活纪律,"A,B,C,D,E",5
970,党的中央、地方和基层组织，都必须重视党的建设，经常讨论和检查党（）等，注意研究党内外的思想政治状况。,宣传工作、教育工作,群众工作,统一战线工作,组织工作、纪律检查工作,"","A,B,C,D",11
971,党章总纲强调，要以改革创新精神全面推进党的建设新的伟大工程，整体推进党的（）。,作风建设,思想建设,反腐倡廉建设,制度建设,,"A,B,C,D",18
972,中国共产党面向未来的“两个一百年”是（）。,建党100年，全面建成小康社会,建国100年，建成社会主义现代化国家,建军100年，成为世界第一强大国家,改革开放100年，成为世界第一大国,"","A,B",9
974,中国共产党成立以来90年的历史，可以概括为一部什么样的历史（)。,奋斗史,探索史,建设史,民族史,"","A,B,C",10
976,以下哪些属于党的基层组织（)。,乡村企业,农村里的学校,市中心的街道社区,社会中介组织,,"A,B,C,D",6
977,对共产主义青年团的理解正确的是（)。,共青团最早成立的时间比正式建党时间提早将近一年,中国社会主义青年团后来演变成了共产主义青年团，本质上有一定区别,共青团组织机构是依据中国共产党的要求，按党的组织原则建立的,是广大青年在入党实践中学习中国特色社会主义和共产主义的学校,"","A,C,D",11
978,中国特色社会主义理论体系、道路和制度的相互关系是（）。,中国特色社会主义道路是实现途径,中国特色社会主义理论体系是行动指南,中国特色社会主义制度是根本保障,三者统一于中国特色社会主义伟大实践,"","A,B,C,D",7
979,下面是入党介绍人的主要任务的有（）。,"向被介绍人解释党的纲领、章程,说明党员的条件、义务的权利","认真了解被介绍人的入党动机、政治觉悟、思想品质、本职工作表现、经历等情况,如实向党组织汇报","指导被介绍人填写《入党申请书》,并认真填写自己的意见。向支部大全负责地介绍被介绍人的情况","被介绍人批准为预备党员以后,继续对他进行教育帮助","","A,B,C,D",12
980,中央委员会总书记负责以下的哪些工作（)。,召集中央政治局会议,中央政治局常务委员会会议,主持中央书记处的工作,听取和审查中央委员会的报告,"","A,B,C",10
981,根据《党章》规定，共青团中央委员会受党中央委员会领导。共青团的地方各级组织受（）领导。,同级党的委员会,共青团上级组织,共青团中央委员会,共青团上级组织的双重,"","A,B",16
983,下列选项正确的是（）。,党的最终目标是保持我党的执政地位,党的最高纲领是实现共产主义,党的最低纲领反帝、反封建，实现新民主主义,党的最终目的是实现共产主义的社会制度,"","B,D",7
984,都必须经支部大会讨论通过并报上级党委批准。,延长预备期,按期转正,取消预备党员资格,确定为入党发展对象,,"A,B,C",9
985,《党章》规定：党的干部是党的事业的骨干，是人民的公仆。党按照德才兼备的原则选拔干部，坚持任人唯贤，反对仁人唯亲，努力实现干部队伍的（）。,革命化,年轻化,知识化,专业化,,"A,B,C,D",10
986,党的各级领导干部必须具备以下的基本条件（）。,教育党员和群众自觉抵制不良倾向，坚决同各种违法犯罪行为作斗争,坚持解放思想，实事求是，与时俱进，开拓创新,密切联系群众，经常了解群众对党员、党的工作的批评和意见,坚持和维护党的民主集中制,"","B,C,D",11
987,党的基层组织是党在社会基层组织中的战斗堡垒，是党的全部工作和战斗力的基础。它的基本任务是（）。,对要求入党的积极分子进行教育和培养，做好经常性的发展党员工作，重视在生产、工作第一线和青年中发展党员,教育党员和群众自觉抵制不良倾向，坚决同各种违法犯罪行为作斗争,坚持党和人民的利益高于一切，个人利益服从党和人民的利益，吃苦在前，享受在后，克己奉公，多做贡献,密切联系群众，向群众宣传党的主张，遇事同群众商量，及时向党反映群众的意见和要求，维护群众的正当利益,"","A,B,D",13
988,党的地方各级代表大会的职权是（）。,选举下级党的委员会，选举下级党的纪律检查委员会,听取和审查同级委员会的报告,听取和审查同级纪律检查委员会的报告,选举同级党的委员会，选举同级党的纪律检查委员会,,"B,C,D",4
989,习近平指出，衡量一名共产党员、一名领导干部是否具有共产主义远大理想，是有客观标准的，主要看的是（)。,能否坚持全心全意为人民服务的根本宗旨,能否吃苦在前、享受在后,能否勤奋工作、廉洁奉公,能否为理想而奋不顾身去拼搏、去奋斗、去献出自己的全部精力乃至生命,"","A,B,C,D",5
990,《党章》第四条规定，党员享有八项权利，下列哪些属于党员享有的权利（),参加党的有关会议，阅读党的有关文件，接受党的教育和培训,在党的会议上和党报党刊上，参加关于党的政策问题的讨论,对党的工作提出建议和倡议,行使表决权、选举权，有被选举权,"","A,B,C,D",10
991,保障党员主体地位和民主权利，以落实党员（)为重点，充分发挥党员在党内生活中的主体作用。,知情权,参与权,选举权,监督权,"","A,B,C,D",8
992,党的群众路线是（)。,一切为了群众,一切依靠群众,从群众中来,到群众中去,"","A,B,C,D",13
993,下列各项中，对党与共青团关系描述正确的是（)。,中国共产主义青年团是中国共产党领导的先进青年的群众组织,中国共产主义青年团是广大青年在实践中学习中国特色社会主义和共产主义的学校,中国共产主义青年团是党的助手和后备军,共青团中央委员会受党中央委员会领导,"","A,B,C,D",10
994,年满十八岁的中国（）承认党的纲领和章程，愿意参加党的一个组织并在组织中积极工作、执行党的决议和按期缴纳党费的，可以申请加入中国共产党。,军人,知识分子,其他社会各阶层的先进分子,农民,"","A,B,C,D",4
995,入党介绍人的素质有（）。,政治坚定,责任心强,坚韧不拔,信念坚定,,"A,B",7
996,入党介绍人产生的途径有（）。,熟人介绍,同学帮忙,党员发展对象自己约请,党组织指定,,"C,D",10
997,中共十九大是在全面建成小康社会决胜阶段、中国特色社会主义进入新时代的关键时期召开的一次十分重要的大会。,对,错,"","",,A,4
999,经过长期努力，中国特色社会主义进入了新时代，这是我国发展新的历史方位。,对,错,"","","",A,11
1000,中国共产党诞生于1911年。,对,错,"","","",B,8
1001,十月革命送来了马克思列宁主义。,对,错,"","","",A,7
1002,实现中华民族伟大复兴是近代以来中华民族最伟大的梦想。,对,错,"","","",A,10
1003,中国共产党的最高理想和最终目标是实现共产主义。,对,错,"","","",A,4
1004,中华人民共和国成立于1949年。,对,错,"","","",A,3
1005,中国特色社会主义道路是实现社会主义现代化、创造人民美好生活的必由之路。,对,错,"","","",A,5
1006,中国特色社会主义理论体系是指导党和人民实现中华民族伟大复兴的正确理论。,对,错,"","","",A,4
1007,中国特色社会主义制度是当代中国发展进步的根本制度保障。,对,错,"","","",A,6
1008,发展是解决一切问题的基础和关键。,对,错,"","","",A,2
1009,为了发展可以适当牺牲环境。,对,错,"","","",B,7
1010,当前我国社会主要矛盾已经转化为人民日益增长的美好生活的需要和不平衡不充分发展之间的矛盾。,对,错,"","","",A,11
1011,当前我国社会主义已经进入高级阶段。,对,错,"","",,B,3
1012,习近平新时代中国特色社会主义思想是集体智慧的结晶。,对,错,"","",,A,5
1013,申请入党必须年满十八岁。,对,错,"","","",A,13
1014,不具有中国国籍的人也可以加入中国共产党。,对,错,"","","",B,7
1015,党员如果没有正当理由，连续六个月不缴纳党费，就被认为是自行脱党，支部大会应当作出决定，经上级党组织批准，把这样的党员除名。,对,错,"","","",A,4
1016,根据《关于党内政治生活的若干准则》，一部分党员如果背着党有组织地进行与党的路线、决议相背离的活动，就是派性活动。,对,错,"","","",A,3
1017,发挥党内民主，首先要允许党员发表不同的意见，对问题进行充分的讨论，真正做到知无不言，言无不尽。,对,错,"","","",A,8
1018,《关于党内政治生活的若干准则》是党的重要法规，全体党员要认真学习，自觉遵守，要对照《准则》的规定，认真检查自己的工作和作风。,对,错,"","","",A,6
1019,发展党员必须经过党的支部，任何情况下任何一级党组织无权直接接收党员。,对,错,"","","",B,2
1020,凡是写了入党申请书的人都是入党积极分子。,对,错,"","","",B,7
1021,外调函的回复落行政部门或其它非党组织公章的也有效。,对,错,"","","",B,5
1022,召开接收新党员的支部大会进行表决时，到会的人员都要举手表决是否同意申请人加入党组织。,对,错,"","","",B,8
1023,预备党员的义务同正式党员一样。,对,错,"","","",A,6
1024,预备党员享有选举权，但没有被选举权。,对,错,"","","",B,5
1025,预备党员享有选举权和被选举权。,对,错,"","",,B,7
1026,在全国代表大会闭会期间，中央委员会执行全国代表大会决议、领导党的全部工作，对外代表中国共产党。,对,错,"","","",A,7
1027,党的各级纪律检查委员会每届任期和同级党的委员会任期相同。,对,错,"","","",A,5
1028,中国共产党的性质和宗旨，决定了党同各种消极腐败现象是水火不相容的。,对,错,"","",,A,1
1029,党的地方各级代表大会代表的名额和选举办法，由上一级党的委员会决定。,对,错,"","","",B,5
1030,王某于2008年5加入中国共产党，2008年11月被选举为系学生党支部委员。,对,错,"","",,B,6
1032,在全国代表大会闭会期间，党的总书记执行全国代表大会决议、领导党的全部工作，对外代表中国共产党。,对,错,"","","",B,6
1034,党组织讨论决定问题，必须执行少数服从多数的原则。,对,错,"","","",A,6
1035,党的各级纪律检查委员会每届任期和同级党的委员会任期不相同。,对,错,"","",,B,3
1036,党的各级委员会实行集体领导和个人分工负责相结合的制度。凡属重大问题都要由党的委员会集体讨论。,对,错,"","",,A,5
1037,中国共产党党徽为镰刀和锤头组成的图案。,对,错,"","","",A,5
1038,“中共湖南科技大学委员会”属于党的地方委员会。,对,错,"","","",B,5
1039,预备党员的权利和义务同正式党员一样。,对,错,"","","",B,5
1040,党组织讨论决定问题，必须执行下级服从上级的原则。,对,错,"","","",B,7
1041,党的最高领导机关，是党的全国代表大会和它所产生的中央委员会。,对,错,"","","",A,3
1042,党按照德才兼备的原则选拔干部，坚持任人唯贤，反对任人唯亲，努力实现干部队伍的革命化、年轻化、知识化、专业化。,对,错,"","","",A,9
1043,解放思想，本质是实事求是。,对,错,"","","",A,8
1044,发展党员必须经过党的支部。,对,错,"","","",A,4
1045,党员如果没有正当理由，连续半年不参加党的组织生活，或不交纳党费，或不做党所分配的工作，就被认为是自行脱党。,对,错,"","","",A,6
1046,中国共产党的性质和宗旨，决定了党同各种消极腐败现象是水火不相容的。,对,错,"","","",A,9
1050,党的全国代表大会每五年举行一次，由中央委员会召集。,对,错,"","","",A,7
1051,预备党员的预备期，从支部大会通过他为预备党员之日算起。,对,错,"","",,A,1
1052,预备党员的权利和义务同正式党员不一样。,对,错,"","","",A,4
1053,党组织讨论决定问题，必须执行超过半数的原则。,对,错,"","","",B,6
1054,党的最高领导机关，是党的总书记。,对,错,"","","",B,5
1055,延长预备党员的预备期和取消预备党员资格都是党纪处分。,对,错,"","","",B,4
1056,党的任何一级组织直至中央都无权剥夺党员的权利。,对,错,"","","",A,6
1058,十八大提出，到建国一百年时人均国内生产总值达到最发达国家水平，基本实现现代化。,对,错,"","",,B,6
1059,中国梦归根到底是人民的梦。,对,错,"","","",A,6
1060,科学发展观的第一要义是发展。,对,错,"","","",A,4
1061,按照人类历史发展的客观规律推论，共产主义社会是“各尽所能、按劳分配”的社会。,对,错,"","","",B,4
1062,四项基本原则是立国之本，改革开放是强国之路。,对,错,"","","",A,8
1063,中国共产党的根本宗旨是全心全意为人民服务。,对,错,"","","",A,6
1064,党在现阶段的目标是全面建成小康社会，加快社会主义现代化。,对,错,"","","",A,5
1065,党在社会主义初级阶段的基本纲领，主要包括发展中国特色社会主义的经济、政治、文化、社会四个方面。,对,错,"","","",B,8
1066,讨论吸收为预备党员（预备党员转正）的支部大会，发展对象（预备党员）必须本人到场，不能缺席。,对,错,"","","",A,5
1067,确定为积极分子之后，走个程序就一定能吸收为党员。,对,错,"","","",B,7
1068,预备党员不需交纳党费，转正以后开始交纳。,对,错,"","","",B,9
1069,预备党员在预备期期间犯了较严重的错误，丧失了党员条件，要被取消预备党员资格。,对,错,"","","",A,6
1070,受到组织处置的审批材料将进入党员人事档案。,对,错,"","","",A,8
1071,预备党员预备期满，自动成为预备党员。,对,错,"","","",B,5
1072,预备党员没有选举权和被选举权，但有表决权。,对,错,"","","",B,4
1073,发展对象和新党员培训是入党过程的两次集中培训，转正后，党员就不需要参加集中培训了。,对,错,"","","",B,9
1074,党员定居国外，要办理停止党籍手续。,对,错,"","","",A,4
1075,入党申请书和转正申请书要求本人手写。,对,错,"","",,A,7
1076,外出工作不固定或未找到工作的党员可以不参加组织生活。,对,错,"","","",B,3
1077,党员档案不能由党员本人携带传递，需通过档案投递专用渠道或党组织派专人投递。,对,错,"","","",A,6
1078,"全国党员服务热线是12371,党员有相关问题可以拨打服务热线进行咨询。",对,错,"","","",A,6
1079,入党的同志可以保留自己的宗教信仰。,对,错,"","","",B,5
1080,直系亲属不能担任发展对象的入党介绍人。,对,错,"","",,A,6
1081,党的“三大作风”是指密切联系群众、理论联系实际、集中基础上的民主。,对,错,"","","",B,5
1083,党的制度建设要以完善惩治和预防腐败体系为重点。,对,错,"","","",B,5
1084,对正式党员的纪律处分，也适应于预备党员。,对,错,"","","",B,8
1085,中国共产党党员是中国人民的有共产主义觉悟的先锋战士。,对,错,"","","",B,11
1086,坚持对外开放是我国的基本国策。,对,错,"","","",A,3
1087,凡是有正式党员三人以上的基层单位，都应成立党的基层组织。,对,错,"","",,A,7
1088,改善民生是构建社会主义和谐社会的重点。,对,错,"","","",A,10
1089,贯彻科学发展观的基本方法是实行统筹兼顾。,对,错,"","",,A,7
1090,撤销党内外职务是党的纪律处分的一种。,对,错,"","","",B,7
1091,党员的义务就是党员对党应承担的责任。,对,错,"","","",A,3
1092,党的最高理想和最终奋斗目标是社会主义最终代替资本主义。,对,错,"","","",B,5
1093,预备党员虽有党籍，但不计算党龄。,对,错,"","","",A,6
1094,预备党员政治素质差，表现不好的，可以做劝其退党处理。,对,错,"","","",B,10
1095,信仰宗教，参加宗教活动的人可以申请加入中国共产党。,对,错,"","","",B,5
1097,党的总支委员会、支部委员会每届任期为两年或三年。,对,错,"","","",B,5
1098,在党的会议上，党员有权批评任何党员，但不能批评党的组织。,对,错,"","","",B,8
1099,党的作风建设以保持党同人民群众的血肉联系为重点。,对,错,"","","",A,4
1100,受留党察看处分的党员没有党章规定的各种权利。,对,错,"","",,B,7
1101,党的思想建设以坚定理想信念为重点。,对,错,"","","",A,4
1102,大学毕业后，在工作不固定的情况下，党员组织关系的转移工作要遵循以下基本原则：党员所去单位党组织健全的，应将党员组织关系转到所去单位党组织；所去单位尚未建立党组织的，应将党员组织关系转到所去上级单位的党组织，或转到所去单位所在地的街道、乡镇党组织。,对,错,"","","",A,4
1103,延安整风，确立了马克思主义与中国革命实践相结合的毛泽东思想在全党的指导地位，为抗日战争的胜利和新中国的建立奠定了坚实的思想基础。,对,错,"","","",A,5
1104,标志着我党胜利地完成了指导思想上的拨乱反正是党的十一届六中全会通过的《关于建国以来党的若干历史问题的决议》。,对,错,"","","",A,4
1106,从时代发展的要求和实际出发，摒弃一切不利于科学发展的思想观念，改革一切不适应科学发展的体制、机制和做法，是解放思想的正确目的。,对,错,"","","",A,9
1107,加强和改进党的建设，一定要准确把握当代中国社会前进的脉搏，改革和完善党的领导方式和执政方式、领导体制和工作制度，使党的工作充满活力。,对,错,"","","",A,10
1108,一般情况下，入党申请人员入党前，须经过集中培训。,对,错,"","","",A,10
1109,从实践要求上看，科学发展观是立足社会主义初级阶段基本国情、总结我国发展实践、借鉴国外发展经验、适应新的发展要求提出来的，是我们党在发展问题上的最新认识。,对,错,"","","",A,6
1110,“枪杆子里出政权”是毛泽东在遵义会议上第一次提出的。,对,错,"","","",B,7
1111,党的十七大报告提出“建设生态文明”，使“生态文明观念在全社会牢固树立”，这是对我国人口剧增、资源短缺、环境恶化的严峻形势进行检省后的一种明智选择，也是实现经济社会可持续发展的必由之路。,对,错,"","",,A,5
1112,先进性是马克思主义政党的根本特征,对,错,"","","",A,6
1113,中国共产党的最高纲领是实现中华民族的伟大复兴,对,错,"","",,B,4
1114,发展是我们党执政兴国的第一要务,对,错,"","","",A,3
1115,在现阶段，我国社会的主要矛盾是人民日益增长的物质文化需要同落后的社会生产力之间的矛盾,对,错,"","",,B,5
1116,执政为民是唯物史观的根本要求,对,错,"","","",A,4
1117,小王，私营企业主，19周岁，虽然思想进步也不能申请入党。,对,错,"","","",B,9
1118,中国共产党人追求的共产主义最高理想，只有在社会主义社会充分发展和高度发达的基础上才能实现。,对,错,"","","",A,5
1119,假如没有民主，社会主义就无以生存。,对,错,"","","",A,6
1120,由于国内的因素和国际的影响，阶级斗争还在一定范围内长期存在，在某种条件下还有可能激化，所以阶级斗争还是我国主要矛盾之一。,对,错,"","","",B,3
1121,民主集中制是民主基础上的集中和集中指导下的民主相结合。它既是党的根本组织原则，也是思想路线在党的生活中的运用。,对,错,"","","",B,7
1122,党的基本路线是党和国家的生命线，是实现科学发展的政治保证。,对,错,"","","",A,3
1123,党必须在宪法和法律的范围内活动，只有在特殊情况下才可以超越法律。,对,错,"","","",B,6
1124,申请入党的同学，要填写入党志愿书，至少要有一名正式党员做介绍人，要经过支部大会通过和上级党组织批准，并且经过预备期的考察，才能成为正式党员。,对,错,"","","",B,2
1125,预备党员不履行党员义务，不具备党员条件的，应当取消预备党员资格。,对,错,"","","",A,6
1126,必须把改革开放同四项基本原则统一起来，全面落实党的基本路线，全面执行党在社会主义初级阶段的基本纲领，反对一切“左”的和右的错误倾向，要警惕左，但主要是防止“右”。,对,错,"","","",B,5
1127,党的思想路线是一切从实际出发，理论联系实际，实事求是，在实践中检验真理和发展真理。,对,错,"","","",A,4
1128,十九大报告指出：“我国仍处于并将长期处于社会主义初级阶段的基本国情没有变，人民日益增长的物质文化需要同落后的社会生产之间的矛盾这一社会主要矛盾没有变”。,对,错,"","","",B,6
1129,党的领导主要是政治、思想、文化和社会的领导。,对,错,"","","",B,2
1130,1949年新中国成立后，我们就进入了社会主义社会。,对,错,"","",,B,6
1131,党的全国代表大会每2年举行一次。,对,错,"","","",B,6
1132,怎样坚持走共同富裕道路要坚持社会主义基本经济制度和分配制度，调整国民收入分配格局，加大再分配调节力度，着力解决收入分配差距较大问题，使发展成果更多更公平惠及全体人民，朝着共同富裕方向稳步前进。,对,错,"","","",A,3
1133,加强和改进党的作风建设，核心问题是保持原则问题上的坚定性。,对,错,"","","",B,10
1134,党员如果没有正当理由，连续两年不参加党的组织生活，或不交纳党费，或不做党所分配的工作，就被认为是自行脱党。支部大会应当决定把这样的党员除名，并报上级党组织批准。,对,错,"","","",B,7
1135,“两个百年”奋斗目标是在中国共产党成立一百年时全面建成小康社会，在新中国成立一百年时建成富强民主文明和谐的社会主义现代化国家。,对,错,"","","",A,6
1136,预备党员的预备期，从支部大会通过他为预备党员之日算起。党员的党龄，从支部大会通过他为预备党员之日算起。,对,错,"","","",B,6
1137,中共十八届三中全会通过的《中共中央关于全面深化改革若干重大问题的决定》指出全面深化改革的重点是政治体制改革。,对,错,"","","",B,5
1138,改革开放的成功实践为全面深化改革提供了重要的经验，必须长期坚持。最重要的是，坚持党的领导，贯彻党的基本方针，不走固步自封的老路，不走改旗易帜的邪路，坚定走中国特色社会主义道路，始终确保改革正确方向。,对,错,"","",,A,6
1139,中国共产党以马克思列宁主义、毛泽东思想、邓小平理论、“三个代表”重要思想、科学发展观和习近平新时代中国特色社会主义思想作为自己的行动指南。,对,错,"","","",A,7
1140,社会主义的本质是发展社会主义市场经济。,对,错,"","","",B,5
1141,劝党员退党时，不必经支部大会讨论，可以直接除名。,对,错,"","","",B,7
1142,在现阶段，我国社会的主要矛盾是人民日益增长的物质文化需求要同落后的社会生产关系之间的矛盾,对,错,"","","",B,6
1143,年满十八岁的中国工人、农民、军人、知识分子和其他社会阶层的先进分子，满足条件的，可以申请加入中国共产党,对,错,"","","",A,8
1145,党员有权对党的决议和政策如有不同意见，在坚决执行的前提下，可以声明保留，并且可以把自己的意见向党的上级组织直至中央提出,对,错,"","","",A,7
1146,中国革命必须分两步走，其发展趋势必然是社会主义,对,错,"","","",A,6
1147,建国初期的中国社会性质是社会主义,对,错,"","","",B,8
1152,职务高的党员，可以不编入党的一个支部、小组或特定组织。,对,错,"","","",B,5
1153,党员有退党的自由。,对,错,"","","",A,6
1157,在社会主义初级阶段，党员标准应适当降低。,对,错,"","",,B,5
1158,如被讨论转正的预备党员是已延长预备期的而仍不具备党员条件的，应当取消他的预备党员资格，不能再次延长预备期。,对,错,"","","",A,2
1160,申请入党不需要任何条件。,对,错,"","",,B,9
1161,履行入党手续，既麻烦，又没必要。,对,错,"","",,B,8
1165,入党积极分子必须经过一年以上的培养、教育，才能列为发展对象。,对,错,"","","",A,7
1168,党的宗旨是全心全意为人民服务。,对,错,"","","",A,3
1169,党章规定了党员的八项义务和九项权利。,对,错,"","",,B,5
1170,在党组织讨论决定对党员的党纪处分或作出鉴定时，本人有权参加和进行申辩，其他党员可以为他作证和辩护。,对,错,"","","",A,5
1171,对党的决议和政策如有不同意见，在不予以执行的情况下，还可以声明保留，并且可以把自己的意见向党的上级组织直至中央提出。,对,错,"","",,B,4
1172,申请入党要有三名正式党员作介绍人。,对,错,"","",,B,6
1173,在特殊情况下，党的各级委员会可以直接接收党员。,对,错,"","","",B,10
1174,党的各级代表大会代表实行常任制。,对,错,"","","",B,10
1175,党的基层组织是党在社会基层组织中的战斗堡垒，是党的全部工作和战斗力的基础。,对,错,"","",,A,7
1176,党按照德才兼备的原则选拔干部。,对,错,"","","",A,4
1177,党的各级领导干部，他们的职务是终身的，但可以变动或解除。,对,错,"","","",B,3
1178,党的纪律处分有六种：警告、严重警告、撤销党内职务、留党察看、劝退、开除党籍。,对,错,"","","",B,11
1179,党员在留党察看期间没有表决权、选举权和被选举权。,对,错,"","","",A,7
1180,中国共产党的三大作风是理论联系实际，密切联系群众，批评与自我批评。,对,错,"","",,A,7
1181,修改党的章程是党的全国代表大会的职权。,对,错,"","","",A,4
1182,坚持在党的规律面前人人平等，不允许任何党员享有特权。,对,错,"","","",A,5
1183,党的总支部委员会、支部委员会每届任期三年。,对,错,"","","",B,5
1184,在中央和地方国家机关、人民团体、经济组织、文化组织和其他非党组织的领导机关中，都应成立党组。,对,错,"","",,B,7
1185,党组必须服从批准它成立的党组织领导。,对,错,"","","",A,5
1186,党禁止任何形式的个人崇拜。,对,错,"","","",A,4
1187,党在任何时候都要坚持权为民所用、情为民所系、利为民所谋。,对,错,"","","",A,3
1188,我党主张唯物主义，不提倡宗教信仰自由。,对,错,"","",,B,8
1189,党必须适应形势的发展和情况的变化，完善领导体制，改进领导方式，增强执政能力。,对,错,"","",,A,5
1190,民族精神的核心是爱国主义。,对,错,"","","",A,6
1191,发展对象短期集中培训的时间，一般不少于三天或不少于24小时。,对,错,"","","",A,5
1192,入党积极分子可以直接成为预备党员。,对,错,"","","",B,5
1193,党员发展对象必须要经过政治审查这一关。,对,错,"","","",A,14
1195,成为了中国共产党员就不再是普通的劳动人民。,对,错,"","","",B,6
1196,共产党员享有组织上赋予的特权。,对,错,"","","",B,5
1197,中国共产党的最高纲领是实现中国梦。,对,错,"","","",B,6
1198,共产党员诬告陷害他人的，给予警告或者严重警告处分;情节较重的，给予撤销党内职务或者留党察看处分;情节严重的，给予开除党籍处分。,对,错,"","","",A,7
1199,共产党员在操办婚丧喜庆事宜中，借机敛财或者有其他侵犯国家、集体和人民利益行为的，从重或者加重处分，直至开除党籍。,对,错,"","","",A,9
1200,党员受到留党察看处分，其党内职务自然撤销。,对,错,"","","",A,5
1201,减轻、加重处分，是指在应当受到的处分幅度以内给予较轻或者较重的处分。,对,错,"","",,B,6
1202,串供或者伪造、销毁、隐匿证据的，可以依照规定从重或者加重处分。,对,错,"","","",A,3
1203,党员一人犯有两种以上(含两种)应当受到党纪处分的违纪行为，可按数种违纪行为中应当受到的最高处分给予处分。,对,错,"","","",B,8
1204,对因故意犯罪被依法判处《刑法》规定的主刑(含宣告缓刑)的党员，应当给予开除党籍处分。,对,错,"","",,A,7
1205,直接经济损失，是指与违纪行为有直接因果关系而造成财产损毁的实际价值。,对,错,"","","",A,7
1206,对于全体或者多数党员严重违犯党纪的党组织，应当予以改组。,对,错,"","","",B,6
1207,党的工作人员，是指党的各级机关中除工勤人员以外的工作人员和党的基层组织中专职从事党内事务的党员。,对,错,"","",,B,9
1208,党员领导干部有违反规定插手干预工程建设领域行为，未谋取私利，也未造成较大损，但给本地区、本单位造成严重不良影响的，根据影响程度依照《纪律处分条例》第一百三十九条规定，给予给予警告、严重警告或者撤销党内职务处分。,对,错,"","","",A,8
1209,党员受到警告或者严重警告处分，一年内不得在党内提升职务和向党外组织推荐担任高于原任职务的党外职务。,对,错,"","","",A,6
1210,案件的初核、立案调查过程中，涉嫌违纪的党员能够配合调查工作，如实坦白组织已掌握的其本人主要违纪事实的，可以从轻处分。,对,错,"","",,A,3
1211,因过失犯罪被判处三年以下(含三年)有期徒刑或者被判处管制、拘役的，一般应当开除党籍。对于个别可以不开除党籍的，应当对照处分党员批准权限的规定，报请再上一级党组织批准。,对,错,"","","",A,7
1212,《党章》规定，党员个人代表党组织发表重要主张，如果超出党组织已有决定的范围，只能提交上级党组织决定。,对,错,"","","",B,7
1213,《关于实行党风廉政建设责任制的规定》规定，党委(党组)无需将检查考核情况在适当范围内通报。　　,对,错,"","",,B,3
1214,新修改的选举法规定，全国人民代表大会代表名额，由全国人民代表大会常务委员会根据各省、自治区、直辖市的人口数，按照每一代表所代表的城乡人口数相同的原则进行分配。,对,错,"","","",A,6
1215,党章对党员权利和义务的规定，仅适用于普通党员。,对,错,"","","",B,8
1216,只要是有经济头脑、善于经营的“能人”或“富人”就可以入党。,对,错,"","","",B,8
1217,支部大会如果讨论两个以上申请人入党，则应逐个讨论，逐个表决。,对,错,"","",,A,4
1218,对于违纪行为所获得的经济利益，应当收缴或者责令退赔。,对,错,"","","",A,5
1219,入党誓词如下：我志愿加入中国共产党，拥护党的纲领，（），保守党的秘密，对党忠诚，积极工作，为共产主义奋斗终身，随时准备为党和人民牺牲一切，永不叛党。,遵守党的章程,履行党员义务,执行党的决定,严守党的纪律,"","A,B,C,D",7
1220,劝党员退党，简称“劝退”，是指党员（），经党的支部对其进行教育并在限期内仍无改正和转变的，党组织应当劝其退党。,缺乏革命意志,不履行党员义务,不符合党员条件,"","","A,B,C",6
1221,党的十八大报告强调，新形势下党面临的（）考验是长期的、复杂的、严峻的。,执政,市场经济,外部环境,改革开放,,"A,B,C,D",14
1222,党的十八大报告强调，新形势下（）更加尖锐地摆在全党面前。,精神懈怠,能力不足,脱离群众,消极腐败,"","A,B,C,D",4
1223,不断提高党的领导水平和执政水平、提高（）能力，是党巩固执政地位、实现执政使命必须解决好的重大课题。,依法执政,民主执政,拒腐防变,抵御风险,"","C,D",8
1224,共青团委员会书记一般由同级党的委员会（）担任。,书记,副书记,纪委书记,委员,"",D,7
1225,党的十八大报告强调，我们坚定不移高举中国特色社会主义伟大旗帜，既不走封闭僵化的老路、也不走（）的邪路。,资本主义,改旗易帜,改弦更张,"","",B,3
1226,属于中国共产党党员的基本条件的是（）。,中国工人阶级的有共产主义觉悟的先锋战士,必须全心全意为人民服务，不惜牺牲个人的一切，为实现共产主义奋斗终身,必须经过党的支部大会讨论通过,永远是劳动人民的普通一员,"","A,B,D",13
1227,关于预备党员转正的说法正确的有（）。,只要预备党员的预备期满一年就可以转为正式党员,预备党员在预备期间认真履行党员义务，具备党员条件的，应当按期转为正式党员,预备党员转正必须经过支部大会讨论通过和上级党组织批准,预备党员转正必须由本人提出转正申请,"","B,C,D",6
1228,《党章》明确，党的最高理想和最终目标是（）,实现共产主义,全面建成小康社会,实现中华民族伟大复兴的中国梦,消灭剥削，消除两极分化，最终达到共同富裕,"",A,13
1229,“一带一路”是指（）,古代丝绸之路和21世纪海上丝绸之路,古代丝绸之路和现代丝绸之路,丝绸之路经济带和21世纪海上丝绸之路,现代经济大走廊和21世纪海上丝绸之路,"",C,16
1230,以下哪项不属于两学一做范畴（）,学党章党规,学系列讲话,学传统文化,做合格党员,"",C,10
1231,以下不属于党章规定的“四个服从”的是（）,党员个人服从党的组织,少数服从多数,下级组织服从上级组织,群众服从组织,全党各个组织和全体党员服从党的全国代表大会和中央委员会,D,11
1232,不属于中国共产党的三大历史任务是（）,实现继续推进现代化建设,世界共同富裕,完成祖国统一,维护世界和平与促进共同发展,"",B,15
1233,下列选项（）不属于“四个全面”内容,全面建成小康社会,全面深化改革,全面依法治国,全面构建和谐社会,全面从严治党,D,13
1234,习近平总书记在党的十九大报告中明确指出新时代我国社会的主要矛盾是（）,生产力与生产关系之间的矛盾,人民日益增长的物质文化需要同落后的社会生产之间的矛盾,人民日益增长的美好生活需要和不平衡不充分的发展之间的矛盾,公有制经济与非公有制经济之间的矛盾,"",C,12
1235,下列属于入党誓词内容的有（）,拥护党的纲领,遵守党的章程,执行党的决定,对党忠诚，积极工作,"","A,B,C,D",31
1236,下列属于“四个意识”的有（）,政治意识,核心意识,大局意识,看齐意识,群众意识,"A,B,C,D",44
1237,下列属于“四个自信”的有（）,道路自信,理论自信,科学自信,制度自信,文化自信,"A,B,D,E",34
1238,“三会一课”是指（）,支部党员大会（每季度召开1次）,支部委员会（每月召开1次）,党小组会（每月召开1次）,支部民主生活会（每月召开1次）,党课（每季度上1次）,"A,B,C,E",41
1239,2016年7月1日，习近平总书记在庆祝中国共产党成立95周年大会上的重要讲话中，第一次提出党内政治生活“四性”是？（）,组织性,政治性,时代性,原则性,战斗性,"B,C,D,E",35
1240,习近平总书记在2013年6月18日在北京召开的中国共产党的群众路线教育实践活动工作会议上提出“四风”是指？（）,形式主义,官僚主义,享乐主义,奢靡之风,崇拜主义,"A,B,C,D",44
1241,习近平总书记提出的“三严三实”好作风中的“三严”是指（）,严以治国,严以修身,严以用权,严以律己,"","B,C,D",39
1242,习近平总书记提出的“三严三实”好作风中的“三实”是指（）,谋事要实,创业要实,为政要实,做人要实,,"A,B,D",31
1243,党风廉政建设“两个责任”：党委主体责任和纪委监督责任。,对,错,"","","",A,11
1244,十九大召开的时间是2017年10月18日至24日。,对,错,"","","",A,16
1245,对党员的五种纪律处分：警告、严重警告、撤销党内职务、留党察看、开除党籍。,对,错,"","",,A,16
1246,十九大报告的主题：不忘初心，牢记使命，高举中国特色社会主义伟大旗帜，决胜全面建成小康社会，夺取新时代中国特色社会主义伟大胜利，为实现中华民族伟大复兴的中国梦不懈奋斗。,对,错,"","",,A,18
1247,习近平总书记在党的十九大报告中强调：中国共产党人的初心和使命就是为中国人民谋幸福，为中华民族谋复兴。,对,错,"","","",A,13
1248,中国共产党第十九届六中全会决定中国共产党第二十次全国代表大会于2022年（）在北京召开。,上半年,下半年,"","","",B,10
1249,党的十九届六中全会通过的《中共中央关于党的百年奋斗重大成就和历史经验的决议》（以下简称《决议》）指出：“党和人民事业发展需要一代代中国共产党人接续奋斗，必须抓好（）这个根本大计。”,干部队伍,后继有人,教育为本,高质量发展,"",B,4
1250,中国共产党建党100周年时，党员人数达到（）。,9100多万,9200多万,9300多万,9400多万,9500多万,E,7
1251,中国共产党第十九届六中全会召开的时间是2021年11月8日至11日。,对,错,"","",,A,15
